name,country,lat,lon,population,capital
'Ajlun,JO,32.33326,35.75279,125557,0
'Akra,IQ,36.73359,43.88038,105370,0
'Ibri,OM,23.22573,56.51572,163473,0
's-Hertogenbosch,NL,51.69917,5.30417,160783,0
6th of October City,EG,29.81667,31.05,368650,0
A Coruna,ES,43.37135,-8.396,250438,0
Aachen,DE,50.77664,6.08342,265208,0
Aalborg,DK,57.048,9.9187,142937,0
Aba,NG,5.10658,7.36667,1160000,0
Abadan,IR,30.3392,48.3043,231476,0
Abaetetuba,BR,-1.71806,-48.8825,158188,0
Abakaliki,NG,6.32485,8.11368,134102,0
Abakan,RU,53.7154,91.42593,184168,0
Abbotsford,CA,49.05798,-122.25257,141397,0
Abbottabad,PK,34.1463,73.21168,275890,0
Abeche,TD,13.82916,20.8324,139983,0
Abengourou,CI,6.72972,-3.49639,130810,0
Abeokuta,NG,7.15571,3.34509,735000,0
Aberdeen,GB,57.14369,-2.09814,198590,0
Aberdeen,HK,22.24802,114.15289,157400,0
Abha,SA,18.21639,42.50528,210886,0
Abidjan,CI,5.35444,-4.00167,6321017,0
Abiko,JP,35.86667,140.01667,131771,0
Abilene,US,32.44874,-99.73314,125182,0
Abnub,EG,27.26881,31.15232,111785,0
Abobo,CI,5.41613,-4.0159,1340083,0
Abohar,IN,30.14453,74.19552,145302,0
Abomey,BJ,7.18286,1.99119,117824,0
Abomey-Calavi,BJ,6.44852,2.35566,385755,0
Abreu e Lima,BR,-7.91167,-34.90278,103945,0
Abu Dhabi,AE,24.45118,54.39696,1807000,1
Abu Ghurayb,IQ,33.30563,44.18477,900000,0
Abu Kabir,EG,30.72508,31.67148,154466,0
Abu Tij,EG,27.04514,31.31845,105418,0
Abu al-Kahsib,IQ,30.4431,47.87802,357771,0
Abuja,NG,9.05785,7.49508,2690000,1
Acailandia,BR,-4.94667,-47.50472,106550,0
Acapulco de Juarez,MX,16.84942,-99.90891,658609,0
Acarigua,VE,9.55451,-69.19564,188278,0
Accra,GH,5.55602,-0.1969,1963264,1
Achalpur,IN,21.25665,77.51006,112311,0
Acheng,CN,45.54558,126.95191,144665,0
Achinsk,RU,56.26792,90.50145,117634,0
Acilia-Castel Fusano-Ostia Antica,IT,41.76337,12.33078,129362,0
Ad-Damazin,SD,11.7891,34.3592,186051,0
Ad-Damir,SD,17.59898,33.97205,103941,0
Adachi,JP,35.76318,139.80761,695043,0
Adamstown,PN,-25.06597,-130.10147,46,1
Adana,TR,36.98615,35.32531,1816750,0
Adapazari,TR,40.78056,30.40333,286787,0
Addis Ababa,ET,9.02497,38.74689,3860000,1
Adelaide,AU,-34.92866,138.59863,1469163,0
Aden,YE,12.77957,45.03852,1079670,0
Adigrat,ET,14.277,39.462,121800,0
Adilabad,IN,19.67203,78.5359,118526,0
Adiwerna,ID,-6.9375,109.1325,134188,0
Adiyaman,TR,37.76441,38.27629,290883,0
Admiralteisky,RU,59.923,30.3,157897,0
Ado-Ekiti,NG,7.62329,5.22087,435000,0
Adoni,IN,15.62788,77.27495,184625,0
Afyonkarahisar,TR,38.75667,30.54333,251799,0
Agadez,NE,16.97333,7.99111,149549,0
Agadir,MA,30.42018,-9.59815,698310,0
Agartala,IN,23.83605,91.27939,400004,0
Agege,NG,6.61563,3.33337,683600,0
Ageo,JP,35.97145,139.61382,226940,0
Agra,IN,27.18333,78.01667,1430055,0
Agri,TR,39.71467,43.04015,124483,0
Aguas Claras,BR,-15.83969,-48.02675,128486,0
Aguas Lindas de Goias,BR,-15.76194,-48.28167,225693,0
Aguascalientes,MX,21.88262,-102.2843,722250,0
Ahar,IR,38.4774,47.0699,100641,0
Ahilyanagar,IN,19.09457,74.73843,367140,0
Ahmadpur East,PK,29.14269,71.25771,196718,0
Ahmedabad,IN,23.02579,72.58727,6357693,0
Ahuntsic-Cartierville,CA,45.56667,-73.66667,135336,0
Ahvaz,IR,31.31901,48.6842,841145,0
Aihara,JP,35.6,139.31667,725493,0
Aihui,CN,49.97946,127.48119,192764,0
Ain Beida,DZ,35.79639,7.39278,116064,0
Airoli,IN,19.15096,72.99625,100000,0
Ait Melloul,MA,30.34164,-9.50356,187652,0
Aix-en-Provence,FR,43.5283,5.44973,146821,0
Aizawl,IN,23.72894,92.71791,293416,0
Aizu-Wakamatsu,JP,37.49142,139.94546,118159,0
Ajapnyak,AM,40.19917,44.47056,122800,0
Ajax,CA,43.85012,-79.03288,119677,0
Ajdabiya,LY,30.75545,20.22625,131773,0
Ajegunle,NG,6.45197,3.33115,550000,0
Ajman,AE,25.40177,55.47878,490035,0
Ajmer,IN,26.4521,74.63867,542321,0
Akademicheskoe,RU,60.01375,30.39471,103304,0
Akashi,JP,34.65524,135.00687,303601,0
Akhmim,EG,26.5622,31.74566,151430,0
Akishima,JP,35.72085,139.37999,113949,0
Akita,JP,39.71667,140.11667,307672,0
Akola,IN,20.70957,76.9981,428857,0
Akowonjo,NG,6.61012,3.30968,308900,0
Akron,US,41.08144,-81.51901,197542,0
Aksaray,TR,38.37255,34.02537,327575,0
Aktau,KZ,43.66105,51.17392,147443,0
Aktobe,KZ,50.27969,57.20718,500757,0
Akure,NG,7.25256,5.19312,730000,0
Al 'Amarah,IQ,31.83561,47.14483,323302,0
Al 'Ashir min Ramadan,EG,30.29636,31.74633,246148,0
Al Ahmadi,KW,29.07694,48.08389,637411,0
Al Ain City,AE,24.19167,55.76056,846747,0
Al Ajaylat,LY,32.75718,12.37633,130546,0
Al Bab,SY,36.37051,37.5157,130745,0
Al Basrah al Qadimah,IQ,30.50316,47.81507,2015483,0
Al Bayda',LY,32.76272,21.75506,129439,0
Al Diwaniyah,IQ,31.99289,44.92552,318801,0
Al Fallujah,IQ,33.34913,43.78599,190159,0
Al Fashn,EG,28.82306,30.89903,112999,0
Al Faw,IQ,29.97421,48.47309,104569,0
Al Fayyum,EG,29.30995,30.8418,519047,0
Al Fqih Ben Calah,MA,32.50213,-6.68771,111402,0
Al Hasakah,SY,36.50237,40.74772,422445,0
Al Hawamidiyah,EG,29.9,31.25,155055,0
Al Hillah,IQ,32.46367,44.41963,455700,0
Al Hindiyah,IQ,32.54193,44.22469,139578,0
Al Hoceima,MA,35.25165,-3.93723,395644,0
Al Hudaydah,YE,14.79781,42.95452,734699,0
Al Hufuf,SA,25.36467,49.58764,293179,0
Al Jadid,LY,27.05,14.4,126386,0
Al Jubayl,SA,27.0174,49.62251,237274,0
Al Jumayl,LY,32.85286,12.0612,102000,0
Al Kharj,SA,24.15541,47.33457,425300,0
Al Khums,LY,32.64861,14.26191,201943,0
Al Khusus,EG,30.15293,31.31501,488904,0
Al Madinah,IQ,30.96324,47.26998,255000,0
Al Mahallah al Kubra,EG,30.97063,31.1669,592573,0
Al Mahmudiyah,IQ,33.06221,44.36564,350000,0
Al Majaz,AE,25.32354,55.38774,116503,0
Al Manaqil,SD,14.2459,32.9891,128297,0
Al Mansurah,EG,31.03637,31.38069,621953,0
Al Manzalah,EG,31.15823,31.936,127394,0
Al Matariyah,EG,31.18287,32.03108,162045,0
Al Mawsil al Jadidah,IQ,36.33271,43.10555,2065597,0
Al Miqdadiyah,IQ,33.97861,44.93694,155968,0
Al Mubarraz,SA,25.40768,49.59028,290802,0
Al Muharraq,BH,26.25722,50.61194,176583,0
Al Qadarif,SD,14.03493,35.38344,363945,0
Al Qahirah al Jadidah,EG,30.04214,31.44446,313139,0
Al Qamishli,SY,37.05215,41.23142,184231,0
Al Qurnah,IQ,31.01547,47.43362,134174,0
Al'met'yevsk,RU,54.90395,52.31793,140437,0
Al-'Ubur,EG,30.22886,31.48149,138987,0
Al-Junaynah,SD,13.45262,22.44725,162981,0
Al-Kut,IQ,32.5128,45.81817,315162,0
Al-Musayab,IQ,32.77872,44.29005,101873,0
Ala'er,CN,40.54184,81.26566,126259,0
Alagoinhas,BR,-12.13556,-38.41917,122688,0
Alamar,CU,23.15794,-82.27837,100000,0
Alandur,IN,13.0025,80.20611,164430,0
Alanya,TR,36.54375,31.99982,364180,0
Alappuzha,IN,9.49004,76.3264,240991,0
Alasia,NG,6.47489,3.16914,100000,0
Albacete,ES,38.99424,-1.85643,173050,0
Albany,US,42.65258,-73.75623,101228,0
Alberton,ZA,-26.26786,28.12225,121536,0
Albuquerque,US,35.08449,-106.65114,564559,0
Alcala de Henares,ES,40.48205,-3.35996,193751,0
Alchevsk,UA,48.46906,38.79744,106062,0
Alcobendas,ES,40.54746,-3.64197,116037,0
Alcorcon,ES,40.34582,-3.82487,172384,0
Aleppo,SY,36.20124,37.16117,2098210,0
Alexandra,ZA,-26.10528,28.09884,179624,0
Alexandria,EG,31.20176,29.91582,5263542,0
Alexandria,US,38.80484,-77.04692,159467,0
Aley,LB,33.80528,35.6,130000,0
Algeciras,ES,36.13326,-5.45051,121414,0
Algiers,DZ,36.73225,3.08746,2364230,1
Alhambra,US,33.49838,-112.13432,127764,0
Aliayabiagba,NG,6.45,3.33333,228000,0
Alicante,ES,38.34517,-0.48149,348901,0
Aligarh,IN,27.88145,78.07464,753207,0
Alimosho,NG,6.60656,3.30235,308290,0
Allentown,US,40.60843,-75.49018,120207,0
Almaty,KZ,43.25249,76.9115,1977011,0
Almendares,CU,23.11012,-82.42322,240000,0
Almere Stad,NL,52.37025,5.21413,176432,0
Almeria,ES,36.83814,-2.45974,196851,0
Almirante Tamandare,BR,-25.32472,-49.31,119825,0
Alofi,NU,-19.05294,-169.91957,624,1
Alor Setar,MY,6.12104,100.36014,417800,0
Altamira,BR,-3.20333,-52.20639,126279,0
Alto Barinas,VE,8.5931,-70.2261,284289,0
Alto Hospicio,CL,-20.26871,-70.1049,142086,0
Altona,DE,53.55,9.93333,250192,0
Alvaro Obregon,MX,19.35867,-99.20329,726664,0
Alvorada,BR,-30.00018,-51.07632,187315,0
Alwar,IN,27.56246,76.625,322568,0
Amadora,PT,38.75382,-9.23083,178858,0
Amagasaki,JP,34.71667,135.41667,459593,0
Amaigbo,NG,5.78917,7.83829,127300,0
Amanfrom,GH,5.53532,-0.39827,119467,0
Amarapura,MM,21.90709,96.04894,237618,0
Amaravati,IN,16.514,80.516,103000,0
Amarillo,US,35.222,-101.8313,198645,0
Amasya,TR,40.65333,35.83306,114921,0
Ambala,IN,30.36099,76.79782,195153,0
Ambala Sadar,IN,30.33544,76.86265,104974,0
Ambarnath,IN,19.2,73.16667,253475,0
Ambato,EC,-1.24908,-78.61675,387309,0
Ambattur,IN,13.09818,80.16152,466205,0
Ambikapur,IN,23.11892,83.19537,121071,0
Ambon,ID,-3.69583,128.18333,347288,0
Ambur,IN,12.79163,78.71644,114608,0
Americana,BR,-22.73917,-47.33139,246655,0
Amersfoort,NL,52.155,5.3875,139914,0
Amherst,US,42.97839,-78.79976,122366,0
Amiens,FR,49.9,2.3,143086,0
Amman,JO,31.95522,35.94503,1275857,1
Amol,IR,36.46961,52.35072,237528,0
Ampang,MY,3.15,101.76667,126285,0
Amravati,IN,20.93333,77.75,647057,0
Amreli,IN,21.59983,71.21169,117967,0
Amritsar,IN,31.62234,74.87534,1159227,0
Amroha,IN,28.90314,78.46984,176253,0
Amsterdam,NL,52.37403,4.88969,741636,1
An Nhon,VN,13.88579,109.10823,308396,0
An Nu'maniyah,IQ,32.55621,45.41293,110000,0
An Nuhud,SD,12.7,28.43333,108008,0
Anaco,VE,9.42958,-64.46428,139397,0
Anaheim,US,33.83529,-117.9145,350742,0
Anand,IN,22.55251,72.9552,209410,0
Ananindeua,BR,-1.36556,-48.37222,433956,0
Anantapur,IN,14.67784,77.60813,267161,0
Anantnag,IN,33.73068,75.15418,150592,0
Anapolis,BR,-16.32667,-48.95278,319587,0
Anbu,CN,23.44895,116.68092,162964,0
Anchorage,US,61.21806,-149.90028,289600,0
Anda,CN,46.44867,125.30161,181271,0
Anderlecht,BE,50.83619,4.31454,160553,0
Andijon,UZ,40.78338,72.35067,747800,0
Andimeshk,IR,32.4615,48.35368,135116,0
Andisheh,IR,35.74708,51.27739,116062,0
Andong,KR,36.56636,128.72275,153348,0
Andorra la Vella,AD,42.50779,1.52109,20430,1
Ang Mo Kio New Town,SG,1.38028,103.83972,159340,0
Angarsk,RU,52.55968,103.91413,243158,0
Angeles City,PH,15.15,120.58333,483452,0
Angers,FR,47.47156,-0.55202,168279,0
Angoche,MZ,-16.2325,39.90861,104540,0
Angono,PH,14.5266,121.1536,134975,0
Angra dos Reis,BR,-23.00667,-44.31806,179120,0
Angren,UZ,41.01667,70.14361,191300,0
Anjo,JP,34.95828,137.08054,188693,0
Ankang,CN,32.68,109.01722,870126,0
Ankara,TR,39.91987,32.85427,3517182,1
Anliu,CN,23.69824,115.67953,115560,0
Ann,MM,19.79537,94.04791,119714,0
Ann Arbor,US,42.27756,-83.74088,117070,0
Annaba,DZ,36.9,7.76667,342703,0
Anning,CN,24.92271,102.48496,106795,0
Anqing,CN,30.51365,117.04723,804493,0
Anqiu,CN,36.43417,119.1925,364208,0
Ansan-si,KR,37.32361,126.82194,623256,0
Anshan,CN,41.12361,122.99,1450000,0
Anshun,CN,26.25,105.93333,765313,0
Antakya,TR,36.20655,36.15722,399045,0
Antalya,TR,36.90812,30.69556,1335002,0
Antananarivo,MG,-18.91368,47.53613,1349501,1
Antioch,US,38.00492,-121.80579,110542,0
Antipolo,PH,14.62578,121.12251,913712,0
Antofagasta,CL,-23.65094,-70.39752,401096,0
Antsirabe,MG,-19.86586,47.03333,260907,0
Antsiranana,MG,-12.31732,49.29188,136959,0
Antwerp,BE,51.22047,4.40026,529247,0
Anyama,CI,5.49462,-4.05183,133905,0
Anyang,CN,36.096,114.38278,1146839,0
Anyang-si,KR,37.3925,126.92694,595644,0
Aomori,JP,40.81667,140.73333,298394,0
Apalit,PH,14.95333,120.77,121057,0
Aparecida de Goiania,BR,-16.82333,-49.24389,510770,0
Apatzingan,MX,19.08864,-102.35704,102362,0
Apeldoorn,NL,52.21,5.96944,136670,0
Apia,WS,-13.83333,-171.76666,40407,1
Apopa,SV,13.80722,-89.17917,112158,0
Apucarana,BR,-23.55083,-51.46083,130134,0
Aqsu,CN,41.18418,80.27921,535657,0
Ar Ramtha,JO,32.55873,36.00816,155693,0
Ar Raqqah,SY,35.95283,39.00788,531952,0
Ar Rayyan,QA,25.29194,51.42444,272465,0
Ar Rifa',BH,26.13,50.555,115495,0
Arabi,ET,9.96278,42.49278,148933,0
Arabkir,AM,40.20624,44.50365,119300,0
Aracaju,BR,-10.91111,-37.07167,664908,0
Aracatuba,BR,-21.20889,-50.43278,170024,0
Arad,RO,46.18333,21.31667,169065,0
Araguaina,BR,-7.19111,-48.20722,105019,0
Araguari,BR,-18.64722,-48.18722,117808,0
Arak,IR,34.09493,49.69809,503647,0
Arakawa,JP,35.73825,139.78047,216900,0
Arapiraca,BR,-9.7525,-36.66111,243661,0
Arapongas,BR,-23.41944,-51.42444,119138,0
Arar,SA,30.97531,41.03808,148540,0
Araraquara,BR,-21.79444,-48.17556,168468,0
Araras,BR,-22.35694,-47.38417,135331,0
Araruama,BR,-22.87278,-42.34306,137773,0
Araucaria,BR,-25.59306,-49.41028,151666,0
Araure,VE,9.58144,-69.23851,181820,0
Araxa,BR,-19.59333,-46.94056,111691,0
Arba Minch,ET,6.03333,37.55,201000,0
Arcahaie,HT,18.77019,-72.51226,130306,0
Archway,GB,51.56733,-0.13415,215667,0
Ardabil,IR,38.2498,48.2933,410753,0
Arequipa,PE,-16.39899,-71.53747,1195700,0
Arezzo,IT,43.46276,11.88068,100734,0
Arganzuela,ES,40.40021,-3.69618,148797,0
Argenteuil,FR,48.94788,2.24744,101475,0
Arhus,DK,56.15674,10.21076,285273,0
Arica,CL,-18.47552,-70.30058,241653,0
Arif Wala,PK,26.32478,66.29587,157063,0
Arifwala,PK,30.29058,73.06574,854462,0
Arish,EG,31.13159,33.79844,199243,0
Arjawinangun,ID,-6.64528,108.41028,105845,0
Arkhangel'sk,RU,64.5461,40.55183,349742,0
Arlington,US,32.73569,-97.10807,388125,0
Arlington,US,38.88101,-77.10428,207627,0
Arlit,NE,18.73694,7.38528,106448,0
Armavir,RU,44.99849,41.11472,199548,0
Armenia,CO,4.53656,-75.67263,304314,0
Arnavutkoey,TR,41.18355,28.7402,198165,0
Arnhem,NL,51.98,5.91111,162424,0
Arrah,IN,25.55629,84.66335,261430,0
Arroyo Naranjo,CU,23.03811,-82.37703,210053,0
Arsuz,TR,36.41305,35.89033,109550,0
Artem,RU,43.35757,132.19137,102300,0
Artur Alvim,BR,-23.54015,-46.48581,104864,0
Artux,CN,39.70842,76.17971,285000,0
Arusha,TZ,-3.36667,36.68333,617631,0
Arvada,US,39.80276,-105.08748,115368,0
Aryanah,TN,36.86012,10.19337,114486,0
Arzamas,RU,55.39563,43.8381,109479,0
As Salimiyah,KW,29.33389,48.07611,147649,0
As Salt,JO,32.03917,35.72722,107874,0
As Samawah,IQ,31.33198,45.2944,152890,0
As Sinbillawayn,EG,30.88251,31.46275,124020,0
As Suwayq,OM,23.84944,57.43861,107143,0
Asahikawa,JP,43.77063,142.36489,333530,0
Asaka,JP,35.80472,139.60194,141083,0
Asansol,IN,23.68333,86.98333,504271,0
Asela,ET,7.95,39.13333,139500,0
Ash Sharqat,IQ,35.51722,43.22806,160000,0
Ash Shatrah,IQ,31.40906,46.1727,182175,0
Ashaiman,GH,5.69951,-0.03484,190972,0
Ashdod,IL,31.79213,34.64966,226838,0
Ashgabat,TM,37.95,58.38333,1030063,1
Ashikaga,JP,36.33333,139.45,144746,0
Ashkelon,IL,31.66926,34.57149,144073,0
Ashmun,EG,30.29735,30.97641,124483,0
Ashoknagar Kalyangarh,IN,22.86416,88.63701,111475,0
Ashuganj City,BD,24.04016,91.0117,210356,0
Asmara,ER,15.33805,38.93184,563930,1
Assis,BR,-22.66167,-50.41222,105087,0
Assiut,EG,27.18096,31.18368,528669,0
Astana,KZ,51.1801,71.44598,1544142,1
Astanajapura,ID,-6.8017,108.6311,148047,0
Astoria,US,40.77205,-73.93014,150165,0
Astrakhan,RU,46.34968,48.04076,533925,0
Asuncion,PY,-25.28646,-57.647,1482200,1
Aswan,EG,24.09082,32.89942,379774,0
Atani,NG,6.01277,6.74768,230000,0
Atasehir,TR,40.9833,29.1167,361615,0
Atbara,SD,17.70217,33.98638,112021,0
Athens,GR,37.98376,23.72784,664046,1
Athens,US,33.96095,-83.37794,127315,0
Athlone,ZA,-33.96722,18.50214,237414,0
Atibaia,BR,-23.11694,-46.55028,144088,0
Atlanta,US,33.749,-84.38798,510823,0
Atsiaman,GH,5.69775,-0.32824,202932,0
Atsugi,JP,35.44272,139.36931,223960,0
Attock City,PK,33.76671,72.35977,141945,0
Atyrau,KZ,47.1048,51.88427,290700,0
Auckland,NZ,-36.84853,174.76349,1547200,0
Augsburg,DE,48.37154,10.89851,301105,0
Aurangabad,IN,24.75204,84.3742,102244,0
Aurangabad,IN,19.87757,75.34226,1175116,0
Aurora,US,41.76058,-88.32007,200661,0
Aurora,US,39.72943,-104.83192,359407,0
Austin,US,30.26715,-97.74306,974447,0
Avadi,IN,13.1147,80.10981,345996,0
Avarua,CK,-21.2075,-159.77546,13373,1
Avellaneda,AR,-34.66018,-58.36744,367554,0
Avtozavodskyi,UA,49.09753,33.43206,157382,0
Awasa,ET,7.06205,38.47635,422200,0
Awka,NG,6.21269,7.07199,167738,0
Ayacucho,PE,-13.1638,-74.22345,140033,0
Aydin,TR,37.84501,27.83963,163022,0
Az Zawiyah,LY,32.7571,12.72764,200000,0
Az Zubayr,IQ,30.39213,47.70175,122676,0
Az Zulfi,SA,26.29945,44.81542,125000,0
Azamgarh,IN,26.06832,83.18358,116644,0
Azare,NG,11.67478,10.19069,105687,0
Azcapotzalco,MX,19.48698,-99.18594,414711,0
Ba Dinh,VN,21.03652,105.82684,221893,0
Ba GJon,VN,17.75353,106.42355,106413,0
Ba Vi,VN,21.08333,105.38333,282600,0
Bab Ezzouar,DZ,36.72615,3.18291,275630,0
Babol,IR,36.55102,52.6786,202796,0
Bac Giang,VN,21.27307,106.1946,450000,0
Bac Lieu,VN,9.29414,105.72776,156110,0
Bac Ninh,VN,21.18608,106.07631,287658,0
Bac Quang,VN,22.48333,104.86667,118690,0
Bac Tu Liem,VN,21.06532,105.74661,340605,0
Bacabal,BR,-4.23246,-44.78164,103711,0
Bacau,RO,46.56718,26.91384,136087,0
Bachuan,CN,29.84863,106.05046,208520,0
Bacolod City,PH,10.66667,122.95,454898,0
Bacoor,PH,14.45896,120.93851,356974,0
Badajoz,ES,38.87789,-6.97061,150530,0
Badalona,ES,41.45004,2.24741,217741,0
Bade,TW,24.92981,121.28372,209148,0
Badin,PK,24.656,68.837,117455,0
Badlapur,IN,19.15516,73.26553,174226,0
Bafoussam,CM,5.47775,10.41759,373268,0
Bagaha,IN,27.09918,84.09003,112634,0
Bagalkot,IN,16.18673,75.69614,111933,0
Bagcilar,TR,41.03903,28.85671,740069,0
Bagerhat,BD,22.65657,89.79123,266388,0
Baghdad,IQ,33.34058,44.40088,7216000,1
Baghlan,AF,36.13068,68.70829,108449,0
Bago,MM,17.33521,96.48135,244376,0
Bago City,PH,10.53333,122.83333,192993,0
Bagong Silang,PH,14.7783,121.04487,261729,0
Bagong Silangan,PH,14.706,121.108,106886,0
Baguio,PH,16.41639,120.59306,272714,0
Bahadurgarh,IN,28.69287,76.93555,170767,0
Baharampur,IN,24.10473,88.25155,180547,0
Baharestan,IR,32.48814,51.77312,106433,0
Baharkah,IQ,36.31556,44.03533,130518,0
Bahawalnagar,PK,29.99835,73.25272,241873,0
Bahawalnagar,PK,30.55083,73.39083,241873,0
Bahawalpur,PK,29.39779,71.6752,903795,0
Bahcelievler,TR,41.00231,28.8598,576799,0
Bahia Blanca,AR,-38.7176,-62.26545,299101,0
Bahir Dar,ET,11.59364,37.39077,350000,0
Bahraigh,IN,27.57429,81.59474,182218,0
Baia Farta,AO,-12.60417,13.19667,107841,0
Baia Mare,RO,47.65729,23.56808,108759,0
Baicheng,CN,45.61751,122.83302,316970,0
Baidoa,SO,3.11383,43.6498,129839,0
Baidyabati,IN,22.78498,88.32586,115504,0
Bairro da Penha,BR,-23.3684,-46.31102,117691,0
Baise,CN,23.89013,106.62684,686078,0
Baisha,CN,29.06226,106.1189,115761,0
Baishan,CN,41.93853,126.41965,183880,0
Baiyin,CN,36.54696,104.17023,294400,0
Bakersfield,US,35.37329,-119.01871,373640,0
Baku,AZ,40.37767,49.89201,2351300,1
Bakwa,CD,4.1263,27.39527,100575,0
Balakovo,RU,52.02639,47.79671,199572,0
Balashikha,RU,55.79479,37.94794,150103,0
Balasore,IN,21.49266,86.93348,144373,0
Balcon de la Lisa,CU,23.05346,-82.4476,147415,0
Bali,IN,22.64859,88.34115,296973,0
Balikesir,TR,39.64917,27.88611,238151,0
Balikpapan,ID,-1.26753,116.82887,695287,0
Baliuag,PH,14.95472,120.89694,135679,0
Balkh,AF,36.75635,66.8972,114883,0
Ballarat,AU,-37.56622,143.84957,111973,0
Ballari,IN,15.14205,76.92398,410445,0
Balneario Camboriu,BR,-26.99056,-48.63472,139155,0
Balombo,AO,-12.35426,14.77232,108965,0
Balsas,BR,-7.5325,-46.03556,101767,0
Balti,MD,47.76291,27.92854,125000,0
Baltimore,US,39.29038,-76.61219,585708,0
Balurghat,IN,25.22099,88.77732,153279,0
Balvanera,AR,-34.61032,-58.39766,152198,0
Bama,NG,11.52134,13.68952,118121,0
Bamako,ML,12.60915,-7.97522,4227569,1
Bamenda,CM,5.9597,10.14597,420445,0
Ban I Chang,TH,13.71061,99.89617,119858,0
Ban Khlong Prawet,TH,13.71904,100.68146,160671,0
Ban Samae Dam,TH,13.58956,100.38734,125133,0
Banan,CN,29.37861,106.54,508703,0
Banda,IN,25.47758,80.33491,152218,0
Banda Aceh,ID,5.54167,95.33333,267962,0
Bandar Abbas,IR,27.1865,56.2808,352173,0
Bandar Bukit Raja,MY,3.08737,101.43339,146534,0
Bandar Lampung,ID,-5.42917,105.26111,1166066,0
Bandar Mahkota Cheras,MY,3.0542,101.79844,100000,0
Bandar Seri Alam,MY,1.50434,103.87525,220000,0
Bandar Seri Begawan,BN,4.89035,114.94006,64409,1
Bandar Sunway,MY,3.0693,101.6074,200000,0
Bandar Tasik Puteri,MY,3.28531,101.4741,150000,0
Bandar Utama,MY,3.14818,101.61407,200000,0
Bandar-e Anzali,IR,37.47318,49.45785,118564,0
Bandar-e Mahshahr,IR,30.55655,49.18852,162797,0
Bandarban,BD,22.19534,92.21946,495272,0
Bandirma,TR,40.35222,27.97667,107631,0
Bandundu Province,CD,-3.31687,17.38063,202904,0
Bandung,ID,-6.92222,107.60694,2528163,0
Baneh,IR,35.9975,45.8853,110218,0
Banfora,BF,10.64064,-4.75285,117452,0
Bang Bon,TH,13.66185,100.39567,105161,0
Bang Kapi,TH,13.7653,100.647,147800,0
Bang Khae,TH,13.69301,100.40755,193002,0
Bang Khun Thian,TH,13.66302,100.43416,165491,0
Bang Sue,TH,13.81086,100.53064,125440,0
Bangaon,IN,23.04553,88.83084,111693,0
Bangkok,TH,13.75398,100.50144,5104476,1
Bangkok Noi,TH,13.76266,100.47798,117793,0
Bangui,CF,4.36122,18.55496,812407,1
Banha,EG,30.45977,31.1842,182254,0
Bani Mazar,EG,28.49456,30.80526,115759,0
Bani Suwayf,EG,29.07441,31.09785,273151,0
Banja Luka,BA,44.77879,17.20629,221106,0
Banjar,ID,-7.1955,107.4313,209791,0
Banjaran,ID,-7.04528,107.58778,164952,0
Banjarbaru,ID,-3.4406,114.8365,293332,0
Banjarmasin,ID,-3.31987,114.59075,657663,0
Banjul,GM,13.45274,-16.57803,37274,1
Bankura,IN,23.23241,87.0716,133966,0
Bannu,PK,32.98527,70.60403,1357890,0
Banqiao,TW,25.01427,121.46719,551221,0
Bansbaria,IN,22.95387,88.40098,108474,0
Banswara,IN,23.54109,74.4425,101017,0
Banyuwangi,ID,-8.2325,114.35755,117558,0
Bao Loc,VN,11.54798,107.80772,170920,0
Bao'an,CN,22.55213,113.88288,4476554,0
Bao'an Centre,CN,22.57953,113.9163,120170,0
Baoding,CN,38.87288,115.46246,2739887,0
Baoji,CN,34.36775,107.23705,1437802,0
Baoshan,CN,25.11626,99.16366,935618,0
Baoshan,CN,31.40845,121.48956,2265900,0
Baoshan,CN,46.57472,131.39318,123791,0
Baotou,CN,40.6516,109.84389,2150000,0
Baqubah,IQ,33.75403,44.60518,152550,0
Barakaldo,ES,43.29639,-2.98813,100435,0
Baraki,DZ,36.66655,3.09606,105402,0
Barakpur,IN,22.76602,88.36336,148174,0
Baran,IN,25.1,76.51667,117992,0
Baranagar,IN,22.64132,88.37727,260072,0
Baranovichi,BY,53.13255,26.00775,171361,0
Barasat,IN,22.72154,88.48198,298127,0
Barbacena,BR,-21.22583,-43.77361,125317,0
Barcarena,BR,-1.50583,-48.62583,126650,0
Barcelona,ES,41.38879,2.15899,1686208,0
Barcelona,VE,10.1384,-64.68769,815141,0
Barddhaman,IN,23.25572,87.85691,301725,0
Bareilly,IN,28.36678,79.43167,745435,0
Bari,IT,41.12066,16.86982,316491,0
Bariadi,TZ,-2.8,33.98333,260927,0
Barinas,VE,8.62064,-70.23105,397279,0
Baripada,IN,21.93458,86.72852,116849,0
Barishal,BD,22.70497,90.37013,202242,0
Barking,GB,51.53333,0.08333,218534,0
Barnala,IN,30.37451,75.5487,116449,0
Barnaul,RU,53.36199,83.72786,632372,0
Barquisimeto,VE,10.0647,-69.35703,1240714,0
Barra Mansa,BR,-22.54417,-44.17139,164052,0
Barrancabermeja,CO,7.06528,-73.85472,191403,0
Barranquilla,CO,10.96854,-74.78132,1206319,0
Barreiras,BR,-12.15278,-44.99,159734,0
Barretos,BR,-20.55722,-48.56778,122485,0
Barrie,CA,44.40011,-79.66634,147829,0
Barshi,IN,18.23454,75.69275,118722,0
Barueri,BR,-23.51056,-46.87611,316473,0
Baruta,VE,10.43424,-66.87558,244216,0
Barysaw,BY,54.2279,28.505,135696,0
Basaksehir,TR,41.106,28.791,193750,0
Basel,CH,47.55839,7.57327,177595,0
Bashan,CN,27.76823,116.05017,103748,0
Basildon,GB,51.56844,0.45782,144859,0
Basingstoke,GB,51.26249,-1.08708,107642,0
Basirhat City,IN,22.66142,88.85477,143007,0
Basrah,IQ,30.50852,47.7804,1326564,0
Basse-Terre,GP,15.99714,-61.73214,11472,1
Basseterre,KN,17.2955,-62.72499,12920,1
Basti,IN,26.78817,82.71617,115115,0
Basuo,CN,19.10267,108.66565,444458,0
Bat Yam,IL,32.02379,34.75185,129012,0
Bata,GQ,1.86391,9.76582,173046,0
Batala,IN,31.80921,75.20294,158621,0
Batam,ID,1.14937,104.02491,1296960,0
Batang,ID,-6.4846,110.7083,139492,0
Batangas,PH,13.7567,121.0584,237370,0
Bataysk,RU,47.13746,39.75713,109962,0
Bath,GB,51.3751,-2.36172,101557,0
Bathinda,IN,30.20747,74.93893,285788,0
Batikent,TR,39.96833,32.73083,300000,0
Batman,TR,37.88738,41.13221,452157,0
Batna,DZ,35.55597,6.17414,289504,0
Baton Rouge,US,30.44332,-91.18747,227470,0
Battagram,PK,34.67719,73.02329,700000,0
Battambang,KH,13.10271,103.19822,119251,0
Batu,ID,-7.87,112.52833,225408,0
Batu Caves,MY,3.238,101.682,254083,0
Batu Pahat,MY,1.8548,102.9325,156236,0
Batumi,GE,41.64077,41.6306,186949,0
Baturaja,ID,-4.12891,104.16695,134759,0
Baubau,ID,-5.4633,122.6024,161280,0
Bauchi,NG,10.31032,9.84388,693700,0
Bauru,BR,-22.31472,-49.06056,379297,0
Bawshar,OM,23.57769,58.39982,383257,0
Bayambang,PH,15.8127,120.4557,129506,0
Bayamo,CU,20.37368,-76.64272,192632,0
Bayamon,PR,18.39856,-66.15572,203499,0
Bayan Lepas,MY,5.29992,100.26052,130455,0
Bayan Nur,CN,40.74143,107.38599,1760000,0
Bayawan,PH,9.3649,122.804,126744,0
Bayji,IQ,34.92915,43.48878,173677,0
Bayugan,PH,8.75611,125.7675,110313,0
Bazhong,CN,31.8694,106.74432,2712894,0
Beau Bassin-Rose Hill,MU,-20.23325,57.46609,111355,0
Beaumont,US,30.08605,-94.10185,115282,0
Beawar,IN,26.10119,74.32028,151152,0
Bechar,DZ,31.61667,-2.21667,165241,0
Becontree,GB,51.5529,0.129,100000,0
Bedford,GB,52.13459,-0.46632,106940,0
Bedok New Town,SG,1.32639,103.94167,276990,0
Beed,IN,18.98921,75.75634,146709,0
Beersheba,IL,31.25181,34.7913,186600,0
Begoua,CF,4.45437,18.53475,264067,0
Begusarai,IN,25.41853,86.13389,252008,0
Behbahan,IR,30.5959,50.2417,122604,0
Bei'an,CN,48.26667,126.6,436444,0
Beibei,CN,29.82739,106.43645,247702,0
Beihai,CN,21.48349,109.11549,525329,0
Beijing,CN,39.9075,116.39723,18960744,1
Beiliu,CN,22.70722,110.34917,199769,0
Beining,CN,41.59556,121.79278,152033,0
Beipiao,CN,41.79194,120.77917,190315,0
Beira,MZ,-19.84361,34.83889,687764,0
Beirut,LB,33.89332,35.50157,1916100,1
Bejaia,DZ,36.75587,5.08433,176139,0
Bekasi,ID,-6.2349,106.9896,2648272,0
Belagavi,IN,15.85212,74.50447,490045,0
Belawan,ID,3.7755,98.6832,102707,0
Belem,BR,-1.45583,-48.50444,1499641,0
Belfast,GB,54.59682,-5.92541,348005,0
Belford Roxo,BR,-22.76417,-43.39944,466096,0
Belgorod,RU,50.60343,36.58091,345289,0
Belgrade,RS,44.80401,20.46513,1273651,1
Belgrano,AR,-34.5627,-58.45829,138942,0
Bella Vista,DO,18.45539,-69.9454,175683,0
Bellevue,US,47.61038,-122.20068,139820,0
Bello,CO,6.33732,-75.55795,392939,0
Belmopan,BZ,17.25376,-88.76401,13381,1
Belo Horizonte,BR,-19.92083,-43.93778,2721564,0
Bemowo,PL,52.2546,20.90844,123932,0
Ben Cat,VN,11.15,106.6,364578,0
Ben Tre,VN,10.24147,106.37585,124449,0
Bender,MD,46.83158,29.47671,110175,0
Bendigo,AU,-36.75818,144.28024,103034,0
Benfica,AO,-8.94432,13.16431,191828,0
Bengaluru,IN,12.97194,77.59369,8495492,0
Bengbu,CN,32.94083,117.36083,972784,0
Benghazi,LY,32.11486,20.06859,757490,0
Bengkulu,ID,-3.80044,102.26554,397321,0
Benguela,AO,-12.57674,13.40268,555124,0
Beni,CD,0.49113,29.47306,140731,0
Beni Mellal,MA,32.33725,-6.34983,210397,0
Benin City,NG,6.33815,5.62575,1782000,0
Benito Juarez,MX,19.3984,-99.15766,355017,0
Benito Juarez,MX,19.3727,-99.1564,385439,0
Benoni,ZA,-26.18848,28.32078,605344,0
Bento Goncalves,BR,-29.17139,-51.51917,123151,0
Benxi,CN,41.28861,123.765,987717,0
Beppu,JP,33.27945,131.49751,122643,0
Berazategui,AR,-34.76531,-58.21278,180523,0
Berbera,SO,10.43959,45.01432,242344,0
Berberati,CF,4.26116,15.79216,103713,0
Bercham,MY,4.6411,101.1393,150000,0
Berdyansk,UA,46.75578,36.78815,106311,0
Berezniki,RU,59.4091,56.8204,167748,0
Bergamo,IT,45.69601,9.66721,121200,0
Bergedorf,DE,53.48462,10.22904,119665,0
Bergen,NO,60.39299,5.32415,294029,0
Bergisch Gladbach,DE,50.9856,7.13298,106184,0
Berkane,MA,34.92,-2.32,119284,0
Berkeley,US,37.87159,-122.27275,120972,0
Berlin,DE,52.52437,13.41053,3426354,1
Bern,CH,46.94809,7.44744,121631,1
Berrechid,MA,33.26553,-7.58754,149201,0
Bertoua,CM,4.57728,13.68459,137993,0
Besancon,FR,47.24878,6.01815,128426,0
Bet Shemesh,IL,31.73072,34.99293,124957,0
Betim,BR,-19.96778,-44.19833,384000,0
Bettiah,IN,26.80229,84.50311,132209,0
Betul,IN,21.90056,77.90229,103330,0
Bexley,GB,51.44162,0.14866,228000,0
Beylikduezue,TR,40.982,28.6399,415290,0
Bhadrak,IN,21.05447,86.5156,121338,0
Bhadravati,IN,13.84846,75.70502,163903,0
Bhadreswar,IN,22.82449,88.33841,121662,0
Bhagalpur,IN,25.24446,86.97183,400146,0
Bhairab Bazar,BD,24.0524,90.9764,105457,0
Bhakkar,PK,31.62685,71.06471,131658,0
Bhalswa Jahangirpur,IN,28.73558,77.16682,197148,0
Bharatpur,IN,27.21731,77.49009,252838,0
Bharatpur,NP,27.68027,84.43647,369377,0
Bharuch,IN,21.69482,72.9805,169007,0
Bhatara,BD,23.8,90.45,324300,0
Bhatpara,IN,22.86643,88.40113,483129,0
Bhavnagar,IN,21.76287,72.15331,605882,0
Bhawana,PK,31.56884,72.64917,373841,0
Bhayandar,IN,19.30157,72.85107,809378,0
Bhetia,IN,22.79321,86.14098,174355,0
Bhilai,IN,21.20919,81.4285,627734,0
Bhilwara,IN,25.34707,74.64081,359483,0
Bhimavaram,IN,16.54078,81.52322,146961,0
Bhind,IN,26.56671,78.78728,197585,0
Bhisho,ZA,-32.84721,27.44218,137287,0
Bhiwadi,IN,28.21024,76.86056,104921,0
Bhiwandi,IN,19.30023,73.05881,874032,0
Bhiwani,IN,28.79304,76.13968,196057,0
Bhopal,IN,23.25469,77.40289,1798218,0
Bhubaneswar,IN,20.27241,85.83385,885363,0
Bhuj,IN,23.25397,69.66928,148834,0
Bhusawal,IN,21.04365,75.78506,187421,0
Bialoleka,PL,52.32127,20.97204,129106,0
Bialystok,PL,53.13333,23.16433,295683,0
Bibirevo,RU,55.88333,37.6,159000,0
Bida,NG,9.08044,6.0099,400000,0
Bidar,IN,17.90802,77.51524,216020,0
Bielany,PL,52.29242,20.93531,131910,0
Bielefeld,DE,52.03333,8.53333,331906,0
Bielsko-Biala,PL,49.82245,19.04686,176515,0
Bien Hoa,VN,10.94469,106.82432,1272235,0
Bihar Sharif,IN,25.20084,85.52389,297268,0
Bijie,CN,27.30193,105.28627,1137383,0
Bikaner,IN,28.01762,73.31495,644406,0
Bila Tserkva,UA,49.7994,30.1165,207273,0
Bilaspur,IN,22.08005,82.15543,365579,0
Bilbao,ES,43.26271,-2.92528,347342,0
Bilbeis,EG,30.42039,31.56223,185237,0
Bilimora,IN,20.76957,72.96134,510879,0
Billings,US,45.78329,-108.50069,117116,0
Bilqas,EG,31.21452,31.35798,137080,0
Bima,ID,-8.46006,118.72667,165113,0
Bimbo,CF,4.25671,18.41583,348802,0
Binan,PH,14.34267,121.08071,300000,0
Binangonan,PH,14.4646,121.1929,219204,0
Bingoel,TR,38.88472,40.49389,128935,0
Binh Thanh,VN,10.811,106.706,552164,0
Binh Thuy,VN,10.07431,105.73974,113565,0
Binjai,ID,3.6001,98.4854,279302,0
Bintulu,MY,3.16667,113.03333,151617,0
Binzhou,CN,37.36667,118.01667,682717,0
Biratnagar,NP,26.45505,87.27007,244750,0
Birendranagar,NP,28.59669,81.61658,154886,0
Birganj,NP,27.01736,84.88047,268273,0
Birigui,BR,-21.28861,-50.34,102277,0
Birjand,IR,32.86628,59.22114,196982,0
Birkenhead,GB,53.39337,-3.01479,325264,0
Birmingham,GB,52.48142,-1.89983,1157603,0
Birmingham,US,33.52066,-86.80249,196357,0
Birnin Kebbi,NG,12.45389,4.1975,108164,0
Biryulevo,RU,55.58635,37.67781,144000,0
Bishan,CN,29.59491,106.22476,204702,0
Bishkek,KG,42.87,74.59,900000,1
Bishoftu,ET,8.75225,38.97846,207400,0
Biskra,DZ,34.85038,5.72805,204661,0
Bissau,GW,11.86357,-15.59767,439704,1
Bitung,ID,1.44059,125.12824,225134,0
Biysk,RU,52.53423,85.19661,215430,0
Bizerte,TN,37.27442,9.87391,138430,0
Blackburn,GB,53.75,-2.48333,146521,0
Blackpool,GB,53.81667,-3.05,145007,0
Blagoveshchensk,RU,50.27593,127.52637,225091,0
Blantyre,MW,-15.78499,35.00854,902588,0
Blida,DZ,36.47004,2.8277,331779,0
Blitar,ID,-8.0983,112.1681,161204,0
Bloemfontein,ZA,-29.12107,26.214,556637,0
Blumenau,BR,-26.91944,-49.06611,361855,0
Bnei Brak,IL,32.08074,34.8338,214444,0
Bo,SL,7.96472,-11.73833,233684,0
Bo GJe,VN,21.05618,105.86675,120028,0
Boa Vista,BR,2.81972,-60.67333,419652,0
Bobo-Dioulasso,BF,11.18064,-4.29489,904920,0
Bobruysk,BY,53.14676,29.20548,207351,0
Bochum,DE,51.48165,7.21648,385729,0
Bocoio,AO,-12.47017,14.13688,164685,0
Bogor,ID,-6.59444,106.78917,1078351,0
Bogorodskoye,RU,55.81396,37.72117,103000,0
Bogota,CO,4.60971,-74.08175,7674366,1
Bogra,BD,24.85098,89.37108,210000,0
Bohuniya,UA,50.27691,28.60962,147324,0
Boise,US,43.6135,-116.20345,235684,0
Bojnurd,IR,37.47473,57.32903,192041,0
Bokaro,IN,23.66934,86.15161,564319,0
Bokhtar,TJ,37.83654,68.77762,110800,0
Boksburg,ZA,-26.21197,28.25958,445168,0
Bole,CN,44.89334,82.06993,235585,0
Bologna,IT,44.49381,11.33875,394843,0
Bolton,GB,53.58333,-2.43333,141331,0
Bolu,TR,40.73583,31.60611,184682,0
Bolzano,IT,46.49067,11.33982,107436,0
Boma,CD,-5.85098,13.05364,297009,0
Bondoukou,CI,8.0402,-2.80003,141568,0
Bonn,DE,50.73438,7.09549,330579,0
Bonon,CI,6.9268,-6.0489,119938,0
Bontang,ID,0.1324,117.4854,194606,0
Borama,SO,9.93611,43.18278,597842,0
Borazjan,IR,29.2699,51.2188,110567,0
Bordeaux,FR,44.84124,-0.58046,265328,0
Bordj Bou Arreridj,DZ,36.07389,4.76139,158812,0
Bordj el Kiffan,DZ,36.74871,3.19249,123246,0
Borivli,IN,19.23496,72.85976,609617,0
Borough Park,US,40.63399,-73.99681,149248,0
Borshchahivka,UA,50.4316,30.3899,179900,0
Borujerd,IR,33.8973,48.7516,251958,0
Boshan,CN,36.48333,117.83333,153596,0
Bosque Saude,BR,-23.60926,-46.62304,128469,0
Boston,US,42.35843,-71.05977,653833,0
Botad,IN,22.16917,71.66671,130327,0
Botshabelo,ZA,-29.26737,26.72595,309714,0
Bottrop,DE,51.52392,6.9285,119909,0
Botucatu,BR,-22.88583,-48.445,148130,0
Bou Saada,DZ,35.20855,4.17402,111787,0
Bouafle,CI,6.99041,-5.7442,104209,0
Bouake,CI,7.69385,-5.03031,832371,0
Boulder,US,40.01499,-105.27055,106803,0
Boulogne-Billancourt,FR,48.83545,2.24128,108782,0
Bournemouth,GB,50.72048,-1.8795,163600,0
Bouskoura,MA,33.44976,-7.65239,112501,0
Boyeros,CU,23.0072,-82.4017,188593,0
Bozhou,CN,33.87722,115.77028,1409436,0
Bradford,GB,53.79391,-1.75206,366187,0
Braga,PT,41.5514,-8.42311,193324,0
Braganca,BR,-1.05361,-46.76556,123082,0
Braganca Paulista,BR,-22.9527,-46.54418,176811,0
Brahmanbaria,BD,23.97464,91.11228,264326,0
Brahmapur,IN,19.31151,84.7929,356598,0
Braila,RO,45.27152,27.97429,154686,0
Brakpan,ZA,-26.23656,28.36938,305692,0
Brampton,CA,43.68341,-79.76633,656480,0
Brandon,US,27.9378,-82.28592,103483,0
Brantford,CA,43.1334,-80.26636,104688,0
Brasilandia,BR,-23.44859,-46.68839,243273,0
Brasilia,BR,-15.77972,-47.92972,2207718,1
Brasov,RO,45.64861,25.60613,253200,0
Brateyevo,RU,55.63755,37.76438,102000,0
Bratislava,SK,48.14816,17.10674,423737,1
Bratsk,RU,56.1325,101.61417,256600,0
Braunschweig,DE,52.26594,10.52673,244715,0
Brazzaville,CG,-4.26613,15.28318,1982000,1
Breda,NL,51.58656,4.77596,184126,0
Bremen,DE,53.07582,8.80717,546501,0
Bremerhaven,DE,53.55357,8.57553,118610,0
Brent,GB,51.55306,-0.3023,329100,0
Brescia,IT,45.53558,10.21472,200423,0
Brest,BY,52.10894,23.71749,344470,0
Brest,FR,48.39029,-4.48628,144899,0
Breves,BR,-1.68222,-50.48028,106968,0
Bridgeport,US,41.17923,-73.18945,147629,0
Bridgetown,BB,13.10732,-59.62021,98511,1
Brighton,GB,50.82838,-0.13947,283870,0
Brisbane,AU,-27.46794,153.02809,2780063,0
Bristol,GB,51.45523,-2.59665,479024,0
Brits,ZA,-25.63473,27.78022,122497,0
Brno,CZ,49.19522,16.60796,379466,0
Broken Arrow,US,36.0526,-95.79082,106563,0
Brooklyn,US,40.6501,-73.94958,2736074,0
Brovary,UA,50.51097,30.79106,109806,0
Brownsville,US,25.90175,-97.49748,186738,0
Brugge,BE,51.20892,3.22424,118509,0
Brusque,BR,-27.09795,-48.91281,141385,0
Brussels,BE,50.85045,4.34878,1019022,1
Bryansk,RU,53.27096,34.32143,427236,0
Bucaramanga,CO,7.125,-73.11895,581130,0
Bucharest,RO,44.43225,26.10626,1877155,1
Bucheon-si,KR,37.49889,126.78306,850731,0
Buda,HU,47.5,19.03333,510108,0
Budapest,HU,47.49835,19.04045,1741041,1
Budapest III. keruelet,HU,47.54157,19.04501,123723,0
Budapest XI. keruelet,HU,47.47603,19.03605,139049,0
Budapest XIII. keruelet,HU,47.52978,19.08068,113531,0
Budaun,IN,28.03811,79.12668,161555,0
Budta,PH,7.20417,124.43972,1273715,0
Buea,CM,4.15342,9.24231,140533,0
Buenaventura,CO,3.8801,-77.03116,240387,0
Buenaventura,CO,3.58333,-77,432385,0
Buenavista,MX,19.60833,-99.16944,216776,0
Bueng Kum,TH,13.78528,100.66958,145830,0
Buenos Aires,AR,-34.61315,-58.37723,2891082,1
Bueyuekcekmece,TR,41.02072,28.58502,163140,0
Buffalo,US,42.88645,-78.87837,258071,0
Buguma,NG,4.73614,6.86236,135404,0
Buhe,CN,30.28757,112.22979,106347,0
Bujumbura,BI,-3.38193,29.36142,769317,0
Bukama,CD,-9.20443,25.85475,105530,0
Bukan,IR,36.521,46.2089,193501,0
Bukavu,CD,-2.49077,28.84281,816811,0
Bukhara,UZ,39.77026,64.43069,280187,0
Bukit Batok New Town,SG,1.35903,103.76368,158030,0
Bukit Bintang,MY,3.14657,101.71023,120529,0
Bukit Jalil,MY,3.04913,101.68036,200000,0
Bukit Merah Estate,SG,1.28417,103.82306,151250,0
Bukit Mertajam,MY,5.36301,100.4667,212329,0
Bukit Panjang New Town,SG,1.37972,103.76472,138050,0
Bukit Rahman Putra,MY,3.21727,101.5608,607000,0
Bukittinggi,ID,-0.30907,100.37055,121028,0
Bukoba,TZ,-1.33167,31.81222,144938,0
Bulandshahr,IN,28.40392,77.85773,198612,0
Bulaon,PH,15.08262,120.66288,131818,0
Bulawayo,ZW,-20.15,28.58333,665952,0
Bumba,CD,2.18771,22.46827,154586,0
Bunamwaya,UG,0.25344,32.55723,413400,0
Bunda,TZ,-2.02153,33.87109,182970,0
Bundi,IN,25.43855,75.63735,104919,0
Bunia,CD,1.55941,30.25224,399282,0
Bunkyo,JP,35.5331,139.4217,240069,0
Buon Ho,VN,12.95226,108.2962,127920,0
Buon Ma Thuot,VN,12.66747,108.03775,434256,0
Burari,IN,28.7557,77.19941,146190,0
Buraydah,SA,26.32599,43.97497,745353,0
Burayu,ET,9.03528,38.66083,101400,0
Burbank,US,34.18084,-118.30897,105319,0
Burewala,PK,30.16667,72.65,361664,0
Burgas,BG,42.50651,27.46886,210646,0
Burgos,ES,42.34106,-3.70184,176418,0
Burhanpur,IN,21.30868,76.23026,210886,0
Burlington,CA,43.38621,-79.83713,186948,0
Burnaby,CA,49.26636,-122.95263,249125,0
Burnley,GB,53.8,-2.23333,149422,0
Bursa,TR,40.19559,29.06013,3101833,0
Burton upon Trent,GB,52.80728,-1.64263,122199,0
Busan,KR,35.10168,129.03004,3285147,0
Bush,EG,29.14816,31.12733,136441,0
Bushehr,IR,28.96887,50.83657,165377,0
Bushwick,US,40.69427,-73.91875,112620,0
Business Bay,AE,25.18544,55.26969,191000,0
Butanta,BR,-23.5702,-46.72628,123748,0
Butembo,CD,0.14164,29.29117,286242,0
Butterworth,MY,5.3991,100.36382,107591,0
Butuan,PH,8.94917,125.54361,309709,0
Butwal,NP,27.69121,83.45251,195054,0
Buxar,IN,25.57548,83.98043,102861,0
Buzau,RO,45.15,26.83333,103481,0
Bydgoszcz,PL,53.1235,18.00762,330038,0
Bytom,PL,50.34802,18.93282,189186,0
Ca Mau,VN,9.17682,105.15242,226372,0
Caala,AO,-12.8525,15.56056,130000,0
Cabanatuan City,PH,15.48586,120.96648,343672,0
Cabimas,VE,10.39907,-71.45206,351736,0
Cabinda,AO,-5.56198,12.19476,550000,0
Cabo Frio,BR,-22.88717,-42.02622,238166,0
Cabo San Lucas,MX,22.89088,-109.91238,202694,0
Cabo de Santo Agostinho,BR,-8.28773,-35.02925,216969,0
Cabudare,VE,10.02658,-69.26203,102686,0
Cabudwaaq,SO,6.24585,46.2247,120000,0
Cabuyao,PH,14.2726,121.1262,308745,0
Cacak,RS,43.89139,20.34972,117072,0
Cachoeirinha,BR,-29.95111,-51.09389,136258,0
Cachoeirinha,BR,-23.45442,-46.66209,143366,0
Cachoeiro de Itapemirim,BR,-20.84889,-41.11278,187019,0
Cacuaco,AO,-8.7798,13.37478,146867,0
Cadiz,ES,36.52672,-6.2891,116979,0
Cadiz,PH,10.9465,123.288,129053,0
Caen,FR,49.18585,-0.35912,110624,0
Cagayan de Oro,PH,8.48222,124.64722,741617,0
Cagliari,IT,39.23054,9.11917,149257,0
Cagua,VE,10.18634,-67.45935,119033,0
Cai Lay,VN,10.4,106.11667,143050,0
Caieiras,BR,-23.36417,-46.74056,102775,0
Cainta,PH,14.5786,121.1222,283172,0
Cairns,AU,-16.92366,145.76613,153075,0
Cairo,EG,30.06263,31.24967,9606916,1
Cajamarca,PE,-7.16378,-78.50027,201329,0
Calabar,NG,4.95893,8.32695,540000,0
Calabozo,VE,8.92416,-67.42929,168605,0
Calama,CL,-22.45667,-68.92371,166334,0
Calamba,PH,14.21167,121.16528,575046,0
Calasiao,PH,16.0111,120.36,100686,0
Calgary,CA,51.05011,-114.08529,1306784,0
Cali,CO,3.43054,-76.5199,2392877,0
Callao,PE,-12.05162,-77.13452,1226200,0
Caloocan,PH,14.64953,120.96788,1712945,0
Calumbo,AO,-9.14692,13.41936,652270,0
Calumpit,PH,14.91639,120.76583,122187,0
Cam Pha,VN,21.01004,107.27345,190232,0
Cam Pha Mines,VN,21.01667,107.3,135477,0
Cam Ranh,VN,11.92144,109.15913,146771,0
Camacari,BR,-12.6975,-38.32417,188758,0
Camagueey,CU,21.38083,-77.91694,347562,0
Camama,AO,-8.93611,13.26518,667094,0
Camaragibe,BR,-8.02167,-34.98111,155771,0
Camayenne,GN,9.535,-13.68778,1871242,0
Cambe,BR,-23.27583,-51.27833,107208,0
Cambridge,CA,43.3601,-80.31269,129920,0
Cambridge,GB,52.2,0.11667,145674,0
Cambridge,US,42.3751,-71.10561,110402,0
Cameta,BR,-2.24444,-49.49583,134184,0
Campeche,MX,19.84073,-90.51676,220389,0
Campina Grande,BR,-7.23056,-35.88111,348936,0
Campinas,BR,-22.90556,-47.06083,1031554,0
Campo Grande,BR,-20.44278,-54.64639,906092,0
Campo Grande,BR,-23.67463,-46.68751,115925,0
Campo Largo,BR,-25.45955,-49.53014,136327,0
Campo Limpo,BR,-23.63634,-46.76565,236162,0
Campos dos Goytacazes,BR,-21.75227,-41.33044,511168,0
Can Giuoc,VN,10.60857,106.67135,152200,0
Can Tho,VN,10.03711,105.78825,1507187,0
Canakkale,TR,40.15552,26.41271,143622,0
Canberra,AU,-35.28346,149.12807,367752,1
Cancun,MX,21.17429,-86.84656,888797,0
Candelaria,PH,13.93111,121.42333,137933,0
Cangaiba,BR,-23.49696,-46.52045,141172,0
Cangzhou,CN,38.31124,116.85334,527681,0
Cankaya,TR,39.9179,32.86268,792189,0
Canoas,BR,-29.91778,-51.18361,328291,0
Cao Lanh,VN,10.46017,105.63294,211912,0
Cap-Haitien,HT,19.75938,-72.19815,134815,0
Capao Redondo,BR,-23.66877,-46.78051,270767,0
Capas,PH,15.33117,120.5898,162724,0
Cape Coast,GH,5.10535,-1.2466,212426,0
Cape Coral,US,26.56285,-81.94953,175229,0
Cape Town,ZA,-33.92584,18.42322,4772846,0
Capiata,PY,-25.3552,-57.44545,198553,0
Carabanchel,ES,40.39094,-3.7242,253678,0
Caracas,VE,10.48801,-66.87919,3000000,1
Caraguatatuba,BR,-23.62028,-45.41306,123389,0
Carapicuiba,BR,-23.52272,-46.835,386984,0
Cardiff,GB,51.48,-3.18,372089,0
Cariacica,BR,-20.26389,-40.42,353491,0
Carletonville,ZA,-26.36094,27.39767,182304,0
Carlsbad,US,33.15809,-117.35059,114746,0
Carmona,PH,14.3132,121.0576,112140,0
Carnot,CF,4.94273,15.87735,129032,0
Carolina,PR,18.38078,-65.95739,170404,0
Carora,VE,10.17283,-70.081,121741,0
Carrefour,HT,18.53333,-72.4,511345,0
Carrollton,US,32.95373,-96.89028,133168,0
Cartagena,CO,10.39817,-75.49328,914552,0
Cartagena,ES,37.60197,-0.98397,213943,0
Cartago,CO,4.74639,-75.91167,134972,0
Caruaru,BR,-8.28333,-35.97611,402290,0
Carupano,VE,10.66516,-63.25387,167187,0
Cary,US,35.79154,-78.78112,159769,0
Casablanca,MA,33.58831,-7.61138,3665954,0
Cascavel,BR,-24.95583,-53.45528,257172,0
Castanhal,BR,-1.29389,-47.92639,192256,0
Castelar,AR,-34.65142,-58.64074,107786,0
Castello de la Plana,ES,39.98567,-0.04935,171857,0
Castries,LC,13.9957,-61.00614,20000,1
Catacamas,HN,14.85114,-85.89412,140548,0
Catalao,BR,-18.16583,-47.94639,114427,0
Catamarca,AR,-28.46957,-65.78524,159139,0
Catanduva,BR,-21.13778,-48.97278,115791,0
Catania,IT,37.49223,15.07041,311584,0
Catbalogan,PH,11.77528,124.88611,107896,0
Catchiungo,AO,-12.56598,16.22589,120677,0
Catia La Mar,VE,10.60545,-67.03238,106822,0
Cau Giay,VN,21.03228,105.80073,292536,0
Caucaia,BR,-3.73611,-38.65306,355679,0
Cavite City,PH,14.48369,120.89878,115932,0
Caxias,BR,-4.85889,-43.35611,156973,0
Caxias do Sul,BR,-29.16806,-51.17944,381270,0
Cayenne,GF,4.9381,-52.33455,61550,1
Cazenga,AO,-8.83796,13.28399,394170,0
Cebu City,PH,10.31672,123.89071,965332,0
Cedar Rapids,US,42.00833,-91.64407,130405,0
Ceilandia,BR,-15.8091,-48.13096,287023,0
Celaya,MX,20.52181,-100.81399,340387,0
Centennial,US,39.57916,-104.87692,109741,0
Central Coast,AU,-33.42979,151.37144,346596,0
Centralniy,RU,59.93111,30.36072,214625,0
Centro Habana,CU,23.13488,-82.36893,158151,0
Centurion,ZA,-25.85891,28.18577,236580,0
Cergy-Pontoise,FR,49.03894,2.07805,183430,0
Cerro,CU,23.10789,-82.38356,132351,0
Ch'ongdan-up,KP,37.97028,125.9375,142607,0
Chaeryong-ni,KP,38.73583,125.23083,125631,0
Chak Jhumra,PK,31.56808,73.18317,385169,0
Chakwal,PK,32.93286,72.85394,101200,0
Chakwama,NG,11.55965,9.66407,200000,0
Chalco,MX,19.26174,-98.89775,168720,0
Chaman,PK,30.91769,66.45259,130139,0
Chamartin,ES,40.46206,-3.6766,140000,0
Chamberi,ES,40.43404,-3.70379,145934,0
Chanda,IN,19.95076,79.29523,328351,0
Chandannagar,IN,22.86225,88.36796,180623,0
Chandigarh,IN,30.73629,76.7884,970602,0
Chandler,US,33.30616,-111.84125,260828,0
Chandpur,BD,23.22714,90.65433,203000,0
Chanduasi,IN,28.45178,78.78277,112635,0
Chang-hua,TW,24.07327,120.56276,226564,0
Changam-ch'on,KP,40.60611,128.78194,207299,0
Changchun,CN,43.88,125.32278,4714996,0
Changde,CN,29.03205,111.69844,1457419,0
Changhua,TW,24.0692,120.5512,226564,0
Changji,CN,44.00782,87.30461,198776,0
Changle,CN,36.70583,118.8275,259161,0
Changning,CN,31.21739,121.42105,694900,0
Changsha,CN,22.38124,112.68492,688242,0
Changsha,CN,28.19874,112.97087,3093980,0
Changshu,CN,31.64615,120.74221,1677050,0
Changwon,KR,35.22806,128.68111,1025702,0
Changyi,CN,36.85361,119.39083,302072,0
Changyuan,CN,29.40499,105.58827,186653,0
Changzheng,CN,31.23913,121.36779,229925,0
Changzhi,CN,36.18389,113.10528,1214940,0
Changzhi,CN,35.20889,111.73861,699514,0
Changzhou,CN,31.77359,119.95401,3290918,0
Chaohu,CN,31.6,117.86667,138463,0
Chaoyang,CN,41.57028,120.45861,410005,0
Chaozhou,CN,23.65396,116.62262,1750945,0
Chapeco,BR,-27.09639,-52.61833,160157,0
Chapra,IN,25.78031,84.74709,202352,0
Charallave,VE,10.24247,-66.85723,129182,0
Charleroi,BE,50.41136,4.44448,200132,0
Charleston,US,32.77632,-79.93275,132609,0
Charlotte,US,35.22709,-80.84313,911311,0
Charlotte Amalie,VI,18.3419,-64.9307,20000,1
Charlottenburg,DE,52.51667,13.28333,129359,0
Charsadda,PK,34.14822,71.7406,120170,0
Chas,IN,23.63556,86.16712,141640,0
Chattanooga,US,35.04563,-85.30968,181099,0
Chattogram,BD,22.3384,91.83168,3920222,0
Chatuchak,TH,13.82895,100.55931,160906,0
Cheboksary,RU,56.13218,47.246,492331,0
Chelmsford,GB,51.73575,0.46958,111511,0
Cheltenham,GB,51.90006,-2.07972,118836,0
Chelyabinsk,RU,55.1611,61.42877,1202371,0
Chemnitz,DE,50.8357,12.92922,247220,0
Chengde,CN,40.9519,117.95883,449325,0
Chengdu,CN,30.66667,104.06667,13568357,0
Chenggu,CN,33.14917,107.32583,116375,0
Chengguan Qu,CN,29.63842,91.04441,478275,0
Chenghua,CN,23.46132,116.77007,152453,0
Chengqiao,CN,31.63082,121.39252,113442,0
Chengtangcun,CN,35.08357,117.19071,105456,0
Chengzhong,CN,30.94454,113.55284,265886,0
Chennai,IN,13.08784,80.27847,4681087,0
Chenzhou,CN,25.8,113.03333,822534,0
Cheonan,KR,36.8065,127.1522,658831,0
Cheongju-si,KR,36.63722,127.48972,852147,0
Cheras,MY,3.108,101.726,135823,0
Cheremushki,RU,55.66473,37.56135,106587,0
Cheremushky,UA,46.43251,30.71151,120000,0
Cherepovets,RU,59.13333,37.9,315738,0
Cherkasy,UA,49.44452,32.05738,269836,0
Cherkessk,RU,44.22375,42.04624,122395,0
Chernihiv,UA,51.50541,31.28656,282747,0
Chernivtsi,UA,48.29045,25.93241,264298,0
Chertanovo Yuzhnoye,RU,55.59072,37.59519,142000,0
Chesapeake,US,36.81904,-76.27494,235429,0
Chesterfield,GB,53.25,-1.41667,113057,0
Chetumal,MX,18.51957,-88.30397,169028,0
Chhatarpur,IN,24.9177,79.58871,142128,0
Chhindwara,IN,22.05697,78.93958,175052,0
Chi Linh,VN,21.06667,106.31667,220421,0
Chia,CO,4.85876,-74.05866,124309,0
Chiang Mai,TH,18.79038,98.98468,127240,0
Chiayi City,TW,23.47917,120.44889,263188,0
Chiba,JP,35.6,140.11667,979768,0
Chicago,US,41.85003,-87.65005,2664452,0
Chichawatni,PK,30.5301,72.69155,112191,0
Chichicastenango,GT,14.94333,-91.11116,141567,0
Chiclayo,PE,-6.77008,-79.85495,609400,0
Chico,US,39.72849,-121.83748,121345,0
Chicoloapan,MX,19.41687,-98.90202,172919,0
Chifeng,CN,42.26833,118.96361,346654,0
Chigasaki,JP,35.33638,139.40434,242798,0
Chihuahua,MX,28.63528,-106.08889,925762,0
Chikmagalur,IN,13.32231,75.774,121484,0
Chikusei,JP,36.316,139.98238,100753,0
Chikushino-shi,JP,33.49631,130.5156,103311,0
Chilakalurupet,IN,16.08987,80.16705,101398,0
Chilanzar,UZ,41.28194,69.18111,260700,0
Chililabombwe,ZM,-12.36475,27.82286,113876,0
Chillan,CL,-36.60664,-72.10344,150396,0
Chilliwack,CA,49.16638,-121.95257,101491,0
Chilpancingo,MX,17.55228,-99.50124,187251,0
Chimbote,PE,-9.07508,-78.59373,316966,0
Chimoio,MZ,-19.11639,33.48333,422046,0
Chinandega,NI,12.62951,-87.13133,126387,0
Chinatown,US,37.7966,-122.40858,100574,0
Chinautla,GT,14.70289,-90.49983,104972,0
Chincha Alta,PE,-13.40985,-76.13235,153076,0
Chingola,ZM,-12.52897,27.88382,256560,0
Chiniot,PK,31.72091,72.97836,318165,0
Chinju,KR,35.19278,128.08472,307242,0
Chipata,ZM,-13.63333,32.65,327059,0
Chiquimula,GT,14.8009,-89.54641,111505,0
Chirchiq,UZ,41.46889,69.58222,162800,0
Chirmiri,IN,23.19073,82.35314,100800,0
Chishtian,PK,29.79713,72.85772,149939,0
Chisinau,MD,47.00902,28.85938,635994,1
Chita,RU,52.04311,113.49171,349005,0
Chitato,AO,-7.3,20.73333,246880,0
Chitradurga,IN,14.22262,76.40038,145853,0
Chittoor,IN,13.21055,79.0956,160722,0
Chittorgarh,IN,24.88963,74.62403,116406,0
Chitungwiza,ZW,-18.01274,31.07555,371246,0
Chizhou,CN,30.66134,117.47783,615274,0
Chlef,DZ,36.16525,1.33452,178616,0
Cho Lon,VN,10.75,106.65,561000,0
Choa Chu Kang New Town,SG,1.3825,103.74972,187550,0
Chofu,JP,35.65924,139.54837,242614,0
Choloma,HN,15.61444,-87.95302,139100,0
Cholula,MX,19.06406,-98.30352,292881,0
Chom Thong,TH,13.67717,100.48407,158005,0
Chon Buri,TH,13.3622,100.98345,219164,0
Chon Thanh,VN,11.42821,106.63536,121083,0
Chongfu,CN,30.53113,120.4309,112060,0
Chongjin,KP,41.79556,129.77583,327000,0
Chongming,CN,31.61852,121.69621,637921,0
Chongqing,CN,29.56026,106.55771,7457599,0
Chongzuo,CN,22.38161,107.3683,384905,0
Chorzow,PL,50.30582,18.9742,113430,0
Christchurch,NZ,-43.53333,172.63333,419200,0
Chu,VN,21.37379,106.56649,127881,0
Chula Vista,US,32.64005,-117.0842,265757,0
Chumakivskyi,UA,47.95671,37.94194,103005,0
Chuncheon,KR,37.87472,127.73417,284855,0
Chunga,ZM,-15.31737,28.26868,115539,0
Chungju,KR,36.97666,127.9287,209483,0
Chunian,PK,30.96621,73.97908,634236,0
Chuo,JP,35.67004,139.77544,169179,0
Churu,IN,28.30415,74.96718,120157,0
Chust,UZ,41.00329,71.23791,100200,0
Chuxiong,CN,25.03639,101.54556,555081,0
Chuzhou,CN,32.32194,118.29778,782671,0
Ciamis,ID,-7.3257,108.3534,109839,0
Ciampea,ID,-6.55472,106.70083,207212,0
Cianjur,ID,-6.82222,107.13944,174587,0
Cibinong,ID,-6.48167,106.85417,363424,0
Cidade Ademar,BR,-23.67379,-46.65681,249218,0
Cidade Dutra,BR,-23.72576,-46.7024,182459,0
Cidade Lider,BR,-23.56202,-46.4913,136660,0
Cidade Tiradentes,BR,-23.58481,-46.40084,192177,0
Ciego de Avila,CU,21.8422,-78.76034,142027,0
Cienfuegos,CU,22.14681,-80.4481,186644,0
Cigli,TR,38.49645,27.07029,214065,0
Cikampek,ID,-6.41972,107.45583,127173,0
Cikarang,ID,-6.26111,107.15278,106479,0
Cikupa,ID,-6.23639,106.50833,174041,0
Cilacap,ID,-7.72639,109.00944,256996,0
Cilegon,ID,-6.0144,106.0542,470378,0
Cileungsir,ID,-6.39472,106.95917,289833,0
Cileunyi,ID,-6.93889,107.75278,111476,0
Cimahi,ID,-6.87222,107.5425,581994,0
Cincinnati,US,39.12711,-84.51439,311097,0
Ciputat,ID,-6.2375,106.69556,207858,0
Circoiscrizione II,IT,45.05013,7.64052,141344,0
Circoiscrizione III,IT,45.06279,7.63071,130709,0
Circoiscrizione V,IT,45.10147,7.65538,126666,0
Circoiscrizione VI,IT,45.1022,7.70029,107369,0
Circoiscrizione VIII,IT,45.03789,7.67174,134028,0
Cirebon,ID,-6.7063,108.557,344851,0
Citeureup,ID,-6.48556,106.88194,214668,0
City of Port Phillip,AU,-37.83382,144.93834,112669,0
City of Westminster,GB,51.4975,-0.1357,247614,0
Ciudad Acuna,MX,29.32322,-100.95217,216099,0
Ciudad Apodaca,MX,25.78143,-100.18911,467157,0
Ciudad Benito Juarez,MX,25.6466,-100.09142,308285,0
Ciudad Bolivar,VE,8.12366,-63.54694,412619,0
Ciudad Camilo Cienfuegos,CU,23.16076,-82.32798,178041,0
Ciudad Delicias,MX,28.19013,-105.47012,148045,0
Ciudad General Escobedo,MX,25.79663,-100.31767,454967,0
Ciudad Guayana,VE,8.35122,-62.64102,978202,0
Ciudad Guzman,MX,19.70413,-103.46383,111975,0
Ciudad Juarez,MX,31.72024,-106.46084,1512450,0
Ciudad Lazaro Cardenas,MX,17.96256,-102.19887,196003,0
Ciudad Lineal,ES,40.44505,-3.65132,228171,0
Ciudad Lopez Mateos,MX,19.55793,-99.25675,489160,0
Ciudad Madero,MX,22.2475,-97.83665,197216,0
Ciudad Nezahualcoyotl,MX,19.40061,-99.01483,1077208,0
Ciudad Obregon,MX,27.48642,-109.94079,329404,0
Ciudad Ojeda,VE,10.20161,-71.3148,240283,0
Ciudad Valles,MX,21.99631,-99.01093,124644,0
Ciudad Victoria,MX,23.74061,-99.14364,332100,0
Ciudad de Villa de Alvarez,MX,19.26722,-103.73778,117600,0
Ciudad de la Paz,GQ,1.5925,10.82361,2000,1
Ciudad del Carmen,MX,18.64592,-91.82991,191238,0
Ciudad del Este,PY,-25.5036,-54.65067,301815,0
Ciutat Vella,ES,41.38022,2.17319,102347,0
Cixi,CN,30.1764,121.2457,1457510,0
Cizre,TR,37.33024,42.18484,134041,0
Clarksville,US,36.52977,-87.35945,166722,0
Clearwater,US,27.96585,-82.8001,117292,0
Clermont-Ferrand,FR,45.77969,3.08682,147865,0
Cleveland,US,41.4995,-81.69541,365379,0
Clovis,US,36.82523,-119.70292,104180,0
Cluj-Napoca,RO,46.76667,23.6,286598,0
Co GJo,VN,10.09377,105.42916,116576,0
Coacalco,MX,19.62923,-99.10689,277959,0
Coatepeque,GT,14.70413,-91.86426,105415,0
Coatzacoalcos,MX,18.14905,-94.4447,310698,0
Coban,GT,15.47025,-90.37455,212047,0
Cochabamba,BO,-17.38195,-66.15995,841276,0
Cockburn Town,TC,21.46122,-71.14188,3720,1
Codo,BR,-4.45528,-43.88556,114275,0
Coimbatore,IN,11.00555,76.96612,2136916,0
Coimbra,PT,40.20686,-8.41996,140796,0
Colatina,BR,-19.53944,-40.63056,101190,0
Colchester,GB,51.88921,0.90421,130245,0
Colima,MX,19.24473,-103.7127,146965,0
Colina,CL,-33.20443,-70.67474,146207,0
College Station,US,30.62798,-96.33441,107889,0
Colombo,BR,-25.29167,-49.22417,246540,0
Colombo,LK,6.93548,79.84868,648034,1
Colonia Lindavista,MX,19.49156,-99.12475,100000,0
Colonia del Valle,MX,19.38611,-99.16204,250000,0
Colorado Springs,US,38.83388,-104.82136,456568,0
Columbia,US,38.95171,-92.33407,129330,0
Columbia,US,34.00071,-81.03481,142416,0
Columbus,US,32.46098,-84.98771,206922,0
Columbus,US,39.96118,-82.99879,913175,0
Comilla,BD,23.46186,91.18503,1030000,0
Comitan,MX,16.24004,-92.13668,166178,0
Commonwealth,PH,14.6969,121.08006,215034,0
Comodoro Rivadavia,AR,-45.86256,-67.494,140850,0
Conakry,GN,9.53795,-13.67729,1928389,1
Concepcion,CL,-36.82699,-73.04977,223574,0
Concepcion,PH,15.32546,120.65723,178549,0
Concord,US,37.97798,-122.03107,128667,0
Concordia,AR,-31.39195,-58.01706,145210,0
Conselheiro Lafaiete,BR,-20.66028,-43.78611,111596,0
Constanta,RO,44.18073,28.63432,317832,0
Constantine,DZ,36.365,6.61472,448028,0
Contagem,BR,-19.93167,-44.05361,627123,0
Copacabana,BR,-22.96898,-43.18563,128919,0
Copenhagen,DK,55.67594,12.56553,1153615,1
Copiapo,CL,-27.36737,-70.33219,129280,0
Coquimbo,CL,-29.95332,-71.33947,161317,0
Coquitlam,CA,49.2846,-122.78217,148625,0
Coral Springs,US,26.27119,-80.2706,129485,0
Cordoba,AR,-31.40648,-64.18853,2106734,0
Cordoba,ES,37.89155,-4.77275,325708,0
Cordoba,MX,18.8842,-96.92559,204721,0
Cork,IE,51.89797,-8.47061,224004,0
Corlu,TR,41.16069,27.80093,202578,0
Coro,VE,11.40769,-69.67822,246657,0
Corona,US,40.74705,-73.86014,109698,0
Corona,US,33.87529,-117.56644,164226,0
Coronel,CL,-37.03386,-73.14019,107759,0
Coronel Fabriciano,BR,-19.51861,-42.62889,104736,0
Corpus Christi,US,27.80058,-97.39638,316239,0
Corrientes,AR,-27.46784,-58.8344,346334,0
Corum,TR,40.54889,34.95333,269595,0
Costa Mesa,US,33.64113,-117.91867,113204,0
Cotabato,PH,7.22361,124.24639,383383,0
Cotia,BR,-23.60389,-46.91917,253608,0
Cotonou,BJ,6.36536,2.41833,679012,0
Coventry,GB,52.40656,-1.51217,345324,0
Cox's Bazar,BD,21.43973,92.00955,253788,0
Coyoacan,MX,19.3467,-99.16174,614447,0
Craiova,RO,44.31667,23.8,234140,0
Crato,BR,-7.23417,-39.40944,131050,0
Crawley,GB,51.11303,-0.18312,124008,0
Criciuma,BR,-28.6775,-49.36972,161954,0
Croix-des-Bouquets,HT,18.57677,-72.22625,229127,0
Croydon,GB,51.38333,-0.1,173314,0
Cua,VE,10.16245,-66.88248,182558,0
Cuauhtemoc,MX,19.44506,-99.14612,531831,0
Cuauhtemoc,MX,28.4063,-106.86667,168482,0
Cuautitlan,MX,19.67052,-99.17989,178847,0
Cuautitlan Izcalli,MX,19.64388,-99.21598,555163,0
Cuautla,MX,18.8106,-98.93525,157336,0
Cubatao,BR,-23.895,-46.42528,112476,0
Cucuta,CO,7.90745,-72.5049,777106,0
Cuddalore,IN,11.75617,79.76693,173636,0
Cuenca,EC,-2.8953,-78.9963,636996,0
Cuernavaca,MX,18.9261,-99.23075,338650,0
Cuiaba,BR,-15.59611,-56.09667,618124,0
Cuito,AO,-12.38333,16.93333,355423,0
Culiacan,MX,24.80209,-107.39421,808416,0
Cumana,VE,10.4639,-64.17859,405626,0
Curico,CL,-34.98279,-71.23943,102438,0
Curitiba,BR,-25.42778,-49.27306,1948626,0
Cursino,BR,-23.63143,-46.62072,103171,0
Curug,ID,-6.26583,106.55639,191406,0
Cusco,PE,-13.53188,-71.96701,428450,0
Cuttack,IN,20.46497,85.87927,610189,0
Cypress,US,29.96911,-95.69717,200839,0
Czestochowa,PL,50.79646,19.12409,248125,0
Da Lat,VN,11.94646,108.44193,258014,0
Da Nang,VN,16.06778,108.22083,1276000,0
Dabou,CI,5.32556,-4.37685,138083,0
Dabrowa Gornicza,PL,50.33394,19.20479,116971,0
Dachang,CN,31.30873,121.41526,371856,0
Dadu,PK,26.73033,67.7769,201017,0
Daegu,KR,35.87028,128.59111,2365523,0
Daejeon,KR,36.34913,127.38493,1441203,0
Dagenham,GB,51.55,0.16667,108368,0
Dagupan,PH,16.04313,120.33325,171271,0
Daito,JP,34.71378,135.62033,119367,0
Dajal,PK,29.55769,70.37614,200000,0
Dakar,SN,14.6937,-17.44406,2646503,1
Dakhla,EH,23.68477,-15.95798,106277,0
Dali,CN,25.58474,100.21229,235305,0
Dalian,CN,38.91222,121.60222,4913879,0
Daliang,CN,22.84067,113.2503,210411,0
Dallas,US,32.78306,-96.80667,1326087,0
Daloa,CI,6.87735,-6.45022,421871,0
Dalupura,IN,28.6057,77.31901,154791,0
Daly City,US,37.70577,-122.46192,106562,0
Dam Dam,IN,22.63341,88.42286,122719,0
Damanhur,EG,31.03408,30.46823,318207,0
Damascus,SY,33.5102,36.29128,1569394,1
Damietta,EG,31.41648,31.81332,305920,0
Dammam,SA,26.43442,50.10326,1252523,0
Damoh,IN,23.83312,79.4419,139561,0
Dandong,CN,40.12917,124.39472,631973,0
Danli,HN,14.03333,-86.58333,233789,0
Danshui,CN,22.7984,114.46716,126701,0
Danshui,TW,25.17196,121.4429,189271,0
Daoukro,CI,7.0591,-3.9631,101136,0
Daqing,CN,46.58333,125,1604027,0
Dar Bouazza,MA,33.51535,-7.81677,165295,0
Dar es Salaam,TZ,-6.82349,39.26951,5383728,0
Darbhanga,IN,26.15216,85.89707,296039,0
Darjiling,IN,27.03333,88.26667,123797,0
Darmstadt,DE,49.87167,8.65027,167029,0
Darnah,LY,32.76704,22.63669,102581,0
Darnytsya,UA,50.41596,30.69534,343384,0
Dartmouth,CA,44.67134,-63.57719,101343,0
Darwin,AU,-12.46113,130.84185,139902,0
Dasha,CN,23.11037,113.4418,116307,0
Daska Kalan,PK,32.32422,74.35039,126924,0
Dasmarinas,PH,14.32944,120.93667,441876,0
Dasoguz,TM,41.83625,59.96661,201142,0
Datia,IN,25.67312,78.45908,100284,0
Datong,CN,40.09361,113.29139,1850000,0
Datun,CN,34.80923,116.90174,110258,0
Daule,EC,-1.86032,-79.97683,173684,0
Daur,PK,26.45528,68.31835,128958,0
Davangere,IN,14.46693,75.92694,435128,0
Davao,PH,7.07306,125.61278,1848947,0
Davenport,US,41.52364,-90.57764,102582,0
Davie,US,26.06287,-80.2331,100882,0
Dawei,MM,14.0823,98.19151,136783,0
Dawukou,CN,39.04194,106.39583,131880,0
Daxing,CN,39.74025,116.32693,104904,0
Daxing'anling,CN,52.33385,124.71242,520000,0
Daye,CN,30.08333,114.95,347406,0
Dayrah,AE,25.27143,55.30207,400000,0
Dayrut,EG,27.55642,30.81057,102570,0
Dayton,US,39.75895,-84.19161,135512,0
Dazhou,CN,31.2106,107.46308,1589435,0
Dchira El Jihadia,MA,30.37345,-9.54761,109564,0
Debre Birhan,ET,9.67954,39.53262,146900,0
Debre Mark'os,ET,10.35,37.73333,140700,0
Debre Tabor,ET,11.85,38.01667,125300,0
Debrecen,HU,47.53167,21.62444,202402,0
Deer Valley,US,33.68393,-112.13488,165656,0
Deesa,IN,24.25612,72.17928,111160,0
Dehiwala-Mount Lavinia,LK,6.84019,79.87116,219827,0
Dehradun,IN,30.32443,78.03392,522081,0
Dehui,CN,44.53674,125.69427,108818,0
Deir ez-Zor,SY,35.33588,40.14084,271800,0
Delegacion Cuajimalpa de Morelos,MX,19.3692,-99.29089,160491,0
Delhi,IN,28.65195,77.23149,11034555,0
Delhi Cantonment,IN,28.6,77.13333,110351,0
Delicias,ES,41.64928,-0.90757,110520,0
Delmas,HT,18.54478,-72.30036,395260,0
Delta,CA,49.08917,-123.05322,101668,0
Dengzhou,CN,32.68273,112.08873,285032,0
Denizli,TR,37.77417,29.0875,313238,0
Denpasar,ID,-8.65,115.21667,670210,0
Denton,US,33.21484,-97.13307,131044,0
Denver,US,39.73915,-104.9847,729019,0
Deoghar,IN,24.48983,86.69902,203123,0
Deoli,IN,28.50254,77.23117,169122,0
Deoria,IN,26.50167,83.77936,129570,0
Depok,ID,-7.7625,110.43167,104527,0
Depok,ID,-6.4,106.81861,2163635,0
Dera Ghazi Khan,PK,30.04587,70.64029,494464,0
Dera Ismail Khan,PK,31.83129,70.9017,763195,0
Dera Murad Jamali,PK,28.54657,68.22308,106952,0
Derbent,RU,42.06622,48.28759,105965,0
Derby,GB,52.92277,-1.47663,270468,0
Derince,TR,40.75694,29.81472,125485,0
Des Moines,US,41.60054,-93.60911,214133,0
Desna,UA,50.52207,30.68228,368500,0
Desnyanskyi,UA,51.50631,31.3168,179600,0
Dessalines,HT,19.26177,-72.51611,181903,0
Dessie,ET,11.13333,39.63333,270400,0
Detroit,US,42.33143,-83.04575,645705,0
Dewas,IN,22.96585,76.05526,289550,0
Deyang,CN,31.13019,104.38198,735070,0
Dezful,IR,32.38114,48.40581,264709,0
Dezhou,CN,37.44661,116.36706,679535,0
Dhaka,BD,23.7104,90.40744,10356500,1
Dhamar,YE,14.54274,44.40514,160114,0
Dhamtari,IN,20.70718,81.54874,101677,0
Dhanbad,IN,23.79759,86.42992,1196214,0
Dhangadhi,NP,28.70159,80.58991,204788,0
Dharan,NP,26.81436,87.27972,173096,0
Dharashiv,IN,18.18158,76.03889,112085,0
Dharavi,IN,19.05,72.86667,700000,0
Dharmavaram,IN,14.41435,77.72035,121874,0
Dhaulpur,IN,26.69286,77.87968,133075,0
Dhirkot,PK,34.03917,73.57694,195000,0
Dhule,IN,20.9013,74.77737,375559,0
Di An,VN,10.90682,106.7694,463023,0
Diadema,BR,-23.68611,-46.62278,393237,0
Dibrugarh,IN,27.47989,94.90837,145488,0
Didao,CN,45.34725,130.83693,109561,0
Diepsloot,ZA,-25.93312,28.01213,350000,0
Diez de Octubre,CU,23.0881,-82.3597,227293,0
Digos,PH,6.74972,125.35722,116122,0
Digri,PK,25.15657,69.11098,234578,0
Dihok,IQ,36.86608,42.9879,340900,0
Dijon,FR,47.31344,5.01391,159941,0
Dikirnis,EG,31.08898,31.59478,101082,0
Dila,ET,6.41667,38.31667,158800,0
Dili,TL,-8.55861,125.57361,150000,1
Dimapur,IN,25.91174,93.7217,135860,0
Dimitrovgrad,RU,54.21386,49.61838,132226,0
Din Daeng,TH,13.7904,100.57014,130220,0
Dinaig,PH,7.16985,124.20836,116768,0
Dinajpur,BD,25.62745,88.63779,206234,0
Dinapore,IN,25.63705,85.04794,152940,0
Dinapur Nizamat,IN,25.63847,85.05118,182429,0
Dindigul,IN,10.36896,77.98036,292512,0
Dingxi,CN,35.57088,104.62303,420614,0
Dingzhou,CN,38.51473,114.9868,152934,0
Diourbel,SN,14.64792,-16.24363,157554,0
Dire Dawa,ET,9.59306,41.86611,343000,0
Disuq,EG,31.13259,30.64784,149291,0
Divinopolis,BR,-20.14355,-44.89065,231091,0
Divo,CI,5.83739,-5.35723,136627,0
Dixinn,GN,9.55111,-13.67306,137287,0
Diyarbakir,TR,37.91363,40.21721,1833684,0
Djelfa,DZ,34.67279,3.263,265833,0
Djibouti,DJ,11.58901,43.14503,626512,1
Dnipro,UA,48.46664,35.04066,968502,0
Dniprovskyi,UA,50.45366,30.60146,357900,0
Dodoma,TZ,-6.17221,35.73947,765179,1
Doha,QA,25.28545,51.53096,344939,1
Dohad,IN,22.83283,74.25986,118846,0
Doilungdeqen,CN,29.65505,90.99177,137451,0
Dokri,PK,27.37421,68.09715,125000,0
Dolisie,CG,-4.19834,12.66664,121000,0
Dombivali,IN,19.21667,73.08333,1247327,0
Donaustadt,AT,48.2333,16.46002,187007,0
Doncaster,GB,53.52285,-1.13116,113566,0
Donetsk,UA,48.023,37.80224,901645,0
Dong Ha,VN,16.81625,107.10031,164228,0
Dongguan,CN,23.01797,113.74866,9644871,0
Donghae City,KR,37.54389,129.10694,101128,0
Donghai,CN,22.94593,115.64204,264709,0
Dongling,CN,41.81444,123.57583,171454,0
Dongtai,CN,32.85231,120.30947,262873,0
Dongyang,CN,29.26778,120.22528,130387,0
Dongying,CN,37.46271,118.49165,998968,0
Dordrecht,NL,51.81,4.67361,119260,0
Dortmund,DE,51.51494,7.466,588462,0
Dorud,IR,33.49218,49.0616,121638,0
Dos Hermanas,ES,37.28287,-5.92088,122943,0
Dosquebradas,CO,4.83916,-75.66727,206693,0
Douala,CM,4.04827,9.70428,1338082,0
Douglas,IM,54.15,-4.48333,26218,1
Douliu,TW,23.70944,120.54333,107924,0
Dourados,BR,-22.22111,-54.80556,162202,0
Downey,US,33.94001,-118.13257,114219,0
Drammen,NO,59.74389,10.20449,106013,0
Dresden,DE,51.05089,13.73832,564904,0
Dubai,AE,25.07725,55.30927,3790000,0
Dubai Investments Park,AE,25.00827,55.15682,160000,0
Dubai Marina,AE,25.08525,55.14646,120000,0
Dublin,IE,53.33306,-6.24889,1024027,1
Dubreka,GN,9.79111,-13.52333,182296,0
Dudley,GB,52.5,-2.08333,199059,0
Duekoue,CI,6.74202,-7.34918,117023,0
Duesseldorf,DE,51.22319,6.77927,618685,0
Duezce,TR,40.83889,31.16389,194097,0
Duisburg,DE,51.43247,6.76516,504358,0
Duma,SY,33.57175,36.4027,111864,0
Dumaguete,PH,9.30646,123.30769,113541,0
Dumai,ID,1.66711,101.44316,349389,0
Dundee,GB,56.46913,-2.97489,148210,0
Dundo,AO,-7.36643,20.81557,177604,0
Dunedin,NZ,-45.87416,170.50361,132800,0
Dunhua,CN,43.36954,128.22861,148844,0
Dunhuang,CN,40.16667,94.68333,186027,0
Duque de Caxias,BR,-22.78556,-43.31167,818329,0
Durban,ZA,-29.8579,31.0292,3338026,0
Durg,IN,21.19147,81.27619,268806,0
Durgapur,IN,23.51583,87.30801,518872,0
Durham,US,35.99403,-78.89862,257636,0
Durres,AL,41.32355,19.45469,195920,0
Dushanbe,TJ,38.53575,68.77905,679400,1
Dusit,TH,13.77706,100.51958,107655,0
Duyun,CN,26.26667,107.51667,198516,0
Dzerzhinsk,RU,56.24422,43.45543,233126,0
E'zhou,CN,30.39607,114.88655,668727,0
East Chattanooga,US,35.06535,-85.24912,154024,0
East Flatbush,US,40.65371,-73.93042,178464,0
East Hampton,US,37.03737,-76.33161,147993,0
East Harlem,US,40.79472,-73.9425,115921,0
East Helsinki,FI,60.21043,25.08289,170557,0
East Independence,US,39.09556,-94.35523,110675,0
East Jerusalem,PS,31.78336,35.23388,428304,0
East London,ZA,-33.01529,27.91162,478676,0
East Los Angeles,US,34.0239,-118.17202,126496,0
East New York,US,40.66677,-73.88236,173198,0
Eastbourne,GB,50.76871,0.28453,101689,0
Ebetsu,JP,43.10806,141.55056,133953,0
Ebina,JP,35.38121,139.39651,136516,0
Ebolowa,CM,2.9,11.15,101363,0
Ebute Ikorodu,NG,6.60086,3.48818,535619,0
Ecatepec de Morelos,MX,19.60492,-99.06064,1645352,0
Ede,NG,7.73635,4.43536,159866,0
Edea,CM,3.8,10.13333,103861,0
Edinburgh,GB,55.95206,-3.19648,514990,0
Edirne,TR,41.67719,26.55597,180002,0
Edison,US,40.51872,-74.4121,102548,0
Edmonton,CA,53.55014,-113.46871,1010899,0
Edogawe,JP,35.69225,139.87308,697932,0
Efon-Alaaye,NG,7.65649,4.92235,279319,0
Eimsbuettel,DE,53.57416,9.95679,269118,0
Eindhoven,NL,51.44083,5.47778,235691,0
Eixample,ES,41.38896,2.16179,266477,0
Ejido,VE,8.54665,-71.24087,120978,0
Ejigbo,NG,7.90303,4.31364,138357,0
Ekibastuz,KZ,51.72371,75.32287,121470,0
El Achir,DZ,36.06386,4.62744,158333,0
El Cajon,US,32.79477,-116.96253,103679,0
El Daein,SD,11.46186,26.12583,264734,0
El Dibir,SO,11.76667,51.21667,200000,0
El Eulma,DZ,36.15281,5.69016,145380,0
El Fasher,SD,13.62793,25.34936,252609,0
El Geneina Fort,SD,13.47481,22.45744,134264,0
El Jadida,MA,33.25682,-8.50882,212863,0
El Kelaa des Srarhna,MA,32.05121,-7.41079,103982,0
El Limon,VE,10.30589,-67.63212,148247,0
El Monte,US,34.06862,-118.02757,116732,0
El Mourouj,TN,36.71364,10.2096,120732,0
El Obeid,SD,13.18421,30.21669,393311,0
El Oued,DZ,33.35608,6.86319,186525,0
El Paso,US,31.75872,-106.48693,678815,0
El Progreso,HN,15.4,-87.8,100810,0
El Tigre,VE,8.88902,-64.2527,222450,0
El Vigia,VE,8.6135,-71.65702,162289,0
Elazig,TR,38.67431,39.22321,443363,0
Elbasan,AL,41.11138,20.08224,100903,0
Elblag,PL,54.1522,19.40884,127558,0
Elche,ES,38.26218,-0.70107,234765,0
Eldoret,KE,0.52036,35.26993,475716,0
Elektrostal',RU,55.78647,38.45713,144387,0
Elgin,US,42.03725,-88.28119,112111,0
Elista,RU,46.30794,44.25537,106971,0
Elizabeth,US,40.66399,-74.2107,129007,0
Elk Grove,US,38.4088,-121.37162,166913,0
Elmhurst,US,40.73649,-73.87791,113364,0
Eloy Alfaro,EC,-2.16919,-79.83987,315724,0
Eluru,IN,16.71311,81.10437,218020,0
Emalahleni,ZA,-25.87133,29.23323,373403,0
Embu das Artes,BR,-23.64889,-46.85222,250691,0
Eminabad,PK,32.04237,74.25996,150646,0
Encheng,CN,22.18659,112.30424,110921,0
Enfield Town,GB,51.65147,-0.08497,156858,0
Engels,RU,51.48389,46.10528,196011,0
Enschede,NL,52.21833,6.89583,153655,0
Ensenada,MX,31.87149,-116.60071,443807,0
Enshi,CN,30.3,109.48333,279185,0
Entebbe,UG,0.05621,32.47949,102600,0
Enterprise,US,36.02525,-115.24194,108481,0
Enugu,NG,6.44132,7.49883,950000,0
Envigado,CO,6.17591,-75.59174,163007,0
Epworth,ZW,-17.89,31.1475,206365,0
Erbil,IQ,36.19117,44.00943,1612700,0
Erebuni,AM,40.13309,44.53009,129700,0
Eregli,TR,37.51333,34.04672,156253,0
Erfurt,DE,50.97734,11.03536,218793,0
Erlangen,DE,49.59099,11.00783,102675,0
Ermelino Matarazzo,BR,-23.49472,-46.47389,112333,0
Ermelo,ZA,-26.53333,29.98333,100324,0
Erode,IN,11.3428,77.72741,521891,0
Errachidia,MA,31.9314,-4.42663,100870,0
Erzincan,TR,39.73919,39.49015,150714,0
Erzurum,TR,39.90861,41.27694,767848,0
Escondido,US,33.11921,-117.08642,151038,0
Escuintla,GT,14.30097,-90.78816,156313,0
Esenler,TR,41.0435,28.87619,520235,0
Esenyurt,TR,41.02697,28.67732,983571,0
Eskisehir,TR,39.77667,30.52056,921630,0
Eslamshahr,IR,35.55222,51.23504,450000,0
Esmeraldas,EC,0.9592,-79.65397,218727,0
Esna,EG,25.29336,32.55402,462787,0
Espoo,FI,60.2052,24.6522,323910,0
Essen,DE,51.45657,7.01228,593085,0
Esuk Oron,NG,4.80293,8.25341,112033,0
Etah,IN,27.55879,78.65692,131023,0
Etawah,IN,26.77615,79.02133,257448,0
Etobicoke,CA,43.64415,-79.56985,365000,0
Etwatwa,ZA,-26.12516,28.45472,151866,0
Eugene,US,44.05207,-123.08675,176654,0
Eunapolis,BR,-16.3775,-39.58028,113710,0
Evansville,US,37.97476,-87.55585,119943,0
Evaton,ZA,-26.53333,27.85,725468,0
Everett,US,47.97898,-122.20208,108010,0
Exeter,GB,50.7236,-3.52751,130709,0
Ezeiza,AR,-34.8544,-58.52474,115021,0
Ezhou,CN,30.4,114.83333,193652,0
Facatativa,CO,4.81367,-74.35453,141762,0
Fairfield,US,38.24936,-122.03997,112970,0
Faisalabad,PK,31.41554,73.08969,3800193,0
Fangchenggang,CN,21.76945,108.35661,276315,0
Fanling,HK,22.49487,114.13949,263200,0
Faqus,EG,30.72816,31.79697,116945,0
Fardis,IR,35.7555,50.9967,181174,0
Fargo,US,46.87719,-96.7898,118523,0
Faridabad,IN,28.41124,77.31316,1414050,0
Faridpur,BD,23.60612,89.84064,112187,0
Farrukhabad,IN,27.39134,79.5793,241152,0
Fatehpur,IN,25.92774,80.81266,166480,0
Fatih,TR,41.0225,28.94083,356025,0
Favoriten,AT,48.16116,16.38233,201882,0
Fayetteville,US,35.05266,-78.87836,201963,0
Fazenda Rio Grande,BR,-25.6575,-49.30806,148873,0
Feira de Santana,BR,-12.26667,-38.96667,619609,0
Fendou,CN,46.64142,124.86283,226298,0
Fengcheng,CN,34.70388,116.58717,161850,0
Fengcheng,CN,40.45361,124.07167,120514,0
Fengcheng,CN,29.82587,107.06019,175576,0
Fenghuang,CN,27.93557,109.59961,370000,0
Fengshan,TW,22.62659,120.36126,356463,0
Fengxiang,CN,30.85841,121.46779,1140872,0
Fergana,UZ,40.38421,71.78432,299200,0
Fernando de la Mora,PY,-25.3386,-57.52167,120167,0
Ferrara,IT,44.83804,11.62057,132009,0
Ferraz de Vasconcelos,BR,-23.54083,-46.36861,179198,0
Fes,MA,34.03313,-5.00028,1191905,0
Fes al Bali,MA,34.0701,-4.95473,156000,0
Fianarantsoa,MG,-21.45267,47.08569,203105,0
Firozabad,IN,27.15092,78.39781,306409,0
Firozpur,IN,30.92574,74.61311,110313,0
Florence,IT,43.77925,11.24626,367150,0
Florencia,CO,1.61549,-75.60412,168346,0
Florianopolis,BR,-27.59667,-48.54917,508826,0
Floridablanca,CO,7.06222,-73.08644,267591,0
Floridsdorf,AT,48.25,16.4,162779,0
Flying Fish Cove,CX,-10.42172,105.67912,500,1
Foggia,IT,41.45845,15.55188,137032,0
Fontana,US,34.09223,-117.43505,212704,0
Fontanar,CU,23.02389,-82.408,178601,0
Forli,IT,44.22177,12.04144,116696,0
Formosa,AR,-26.18489,-58.17313,222226,0
Formosa,BR,-15.53722,-47.33444,115901,0
Fort Collins,US,40.58526,-105.08442,170924,0
Fort Lauderdale,US,26.12231,-80.14338,183146,0
Fort Wayne,US,41.1306,-85.12886,260326,0
Fort Worth,US,32.72541,-97.32085,1008106,0
Fort-de-France,MQ,14.60365,-61.07418,89995,1
Fortaleza,BR,-3.71722,-38.54306,2400000,0
Fortechnyi,UA,48.49865,32.25365,167451,0
Foshan,CN,23.02677,113.13148,9042509,0
Foumban,CM,5.72662,10.89865,130287,0
Foz do Iguacu,BR,-25.54778,-54.58806,258248,0
Franca,BR,-20.53861,-47.40083,358539,0
Franceville,GA,-1.63333,13.58357,132895,0
Francisco Morato,BR,-23.28167,-46.74528,165139,0
Francistown,BW,-21.17,27.50778,103417,0
Franco da Rocha,BR,-23.32167,-46.72694,144849,0
Frankfurt am Main,DE,50.11552,8.68417,650000,0
Freetown,SL,8.48714,-13.2356,802639,1
Freguesia do O,BR,-23.49877,-46.69983,137240,0
Freiburg,DE,47.9959,7.85222,237460,0
Fremont,US,37.54827,-121.98857,232206,0
Fresnillo,MX,23.1749,-102.86785,143281,0
Fresno,US,36.74773,-119.77237,542107,0
Friedrichshain Bezirk,DE,52.51559,13.45482,117829,0
Frisco,US,33.15067,-96.82361,154407,0
Fu'an,CN,27.09131,119.64446,154439,0
Fuchu,JP,35.67452,139.48216,262790,0
Fuding,CN,27.32734,120.21399,192352,0
Fuencarral,ES,40.5,-3.68333,238765,0
Fuencarral-El Pardo,ES,40.4984,-3.7314,220085,0
Fuenlabrada,ES,40.28419,-3.79415,190496,0
Fuerth,DE,49.47593,10.98856,132036,0
Fujairah,AE,25.11641,56.34141,118933,0
Fuji,CN,29.14819,105.37391,131927,0
Fuji,JP,35.16667,138.68333,245392,0
Fujieda,JP,34.86667,138.26667,145032,0
Fujimino,JP,35.90196,139.52489,113597,0
Fujinomiya,JP,35.21667,138.61667,132507,0
Fujisawa,JP,35.34926,139.47666,439728,0
Fukayacho,JP,36.2,139.28333,141268,0
Fukui-shi,JP,36.06443,136.22257,262328,0
Fukuoka,JP,33.6,130.41667,1612392,0
Fukushima,JP,37.75,140.46667,294237,0
Fukuyama,JP,34.48333,133.36667,468812,0
Fuling,CN,29.70997,107.39391,268658,0
Fullerton,US,33.87029,-117.92534,140847,0
Funafuti,TV,-8.52425,179.19417,6320,1
Funchal,PT,32.66568,-16.92547,105795,0
Funtua,NG,11.52351,7.31174,136811,0
Funza,CO,4.71638,-74.21195,116890,0
Fushun,CN,41.88669,123.94363,1400646,0
Fuxin,CN,42.01556,121.65889,689050,0
Fuyang,CN,32.9,115.81667,1768947,0
Fuyu,CN,45.18333,124.81667,138704,0
Fuzhou,CN,27.95999,116.33333,1089888,0
Fuzhou,CN,26.06139,119.30611,3740000,0
Fyzabad,IN,26.77549,82.15018,153047,0
GJien Ban,VN,15.88853,108.25447,226564,0
GJong GJa,VN,21.013,105.825,371606,0
GJong Hoi,VN,17.46885,106.62226,133672,0
GJong Xoai,VN,11.53495,106.88324,168000,0
GJuc Pho,VN,14.81355,108.95931,155743,0
GJuc Trong,VN,11.73559,108.3733,161232,0
Gabela,AO,-10.85147,14.37993,116903,0
Gabes,TN,33.88146,10.0982,110075,0
Gaborone,BW,-24.65451,25.90859,246325,1
Gadag,IN,15.42977,75.62971,172612,0
Gadag-Betageri,IN,15.4167,75.6167,172813,0
Gagnoa,CI,6.13193,-5.9506,277044,0
Gainesville,US,29.65163,-82.32483,145214,0
Gajuwaka,IN,17.7,83.21667,258944,0
Galati,RO,45.43687,28.05028,217851,0
Gama,BR,-16.02511,-48.07121,139467,0
Gandajika,CD,-6.74504,23.95328,208051,0
Gandhidham,IN,23.08333,70.13333,247992,0
Gandhinagar,IN,23.21667,72.68333,292797,0
Gangapur,IN,26.47249,76.71744,120115,0
Gangavati,IN,15.4313,76.52933,114642,0
Gangneung,KR,37.75266,128.87239,208161,0
Gangtok,IN,27.32574,88.61216,100286,0
Gangu Chengguanzhen,CN,34.73564,105.32632,103589,0
Ganja,AZ,40.68157,46.36134,330663,0
Ganzhou,CN,25.84664,114.9326,1977253,0
Gao,ML,16.27167,-0.04472,133110,0
Gaojing,CN,31.32225,121.4751,127512,0
Gaomi,CN,36.38333,119.75278,391986,0
Gaoping,CN,30.77576,106.10294,204368,0
Gaozhou,CN,21.91965,110.85678,292164,0
Gapan,PH,15.3072,120.9464,129610,0
Garanhuns,BR,-8.88202,-36.50216,151064,0
Garden Grove,US,33.77391,-117.94145,175393,0
Gardez,AF,33.59744,69.22592,103601,0
Garhi Khairo,PK,28.05717,67.97898,193297,0
Garissa,KE,-0.45275,39.64601,163399,0
Garland,US,32.91262,-96.63888,236897,0
Garut,ID,-7.245,107.921,131809,0
Gashua,NG,12.87398,11.04057,125817,0
Gasteiz / Vitoria,ES,42.84998,-2.67268,257407,0
Gatineau,CA,45.47723,-75.70164,300045,0
Gaya,IN,24.79686,85.00385,474093,0
Gaza,PS,31.50161,34.46672,410000,0
Gaziantep,TR,37.05944,37.3825,2222415,0
Gazipur,BD,23.99844,90.42234,2674697,0
Gboko,NG,7.32275,9.00108,365000,0
Gbongan,NG,7.47734,4.35351,139485,0
Gdansk,PL,54.35227,18.64912,487371,0
Gdynia,PL,54.51889,18.53188,257000,0
Gebze,TR,40.80276,29.43068,281436,0
Geelong,AU,-38.14711,144.36069,282809,0
Geita,TZ,-2.8725,32.2325,318006,0
Gejiu,CN,23.36085,103.15372,136135,0
Gelsenkirchen,DE,51.50508,7.09654,270028,0
Gemena,CD,3.25651,19.77234,197159,0
General Santos,PH,6.11278,125.17167,722059,0
Geneva,CH,46.20222,6.14569,201741,0
Genoa,IT,44.40478,8.94439,580097,0
Gent,BE,51.05,3.71667,265086,0
Geoje,KR,34.81379,128.70556,232921,0
George,ZA,-33.963,22.46173,188580,0
George Town,KY,19.2866,-81.37436,29370,1
George Town,MY,5.41123,100.33543,158336,0
Georgetown,GY,6.80448,-58.15527,235017,1
Gera,DE,50.88029,12.08187,104659,0
Gereida,SD,11.27543,25.14026,120000,0
Germiston,ZA,-26.23481,28.17665,255863,0
Getafe,ES,40.30571,-3.73295,187525,0
Geylang,SG,1.31953,103.88689,110201,0
Ghardaia,DZ,32.49094,3.67347,142913,0
Ghaziabad,IN,28.66535,77.43915,1199191,0
Ghazipur,IN,25.58333,83.58526,103095,0
Ghazni,AF,33.55391,68.42096,141000,0
Ghotki,PK,28.00437,69.31569,119879,0
Ghulja,CN,43.91515,81.32151,269158,0
Gia Lam,VN,21.02,105.939,309353,0
Gia Rai,VN,9.23444,105.45833,145340,0
Gibraltar,GI,36.14474,-5.35257,26544,1
Gifu,JP,35.42291,136.76039,402557,0
Gijang,KR,35.24417,129.21389,176388,0
Gijon,ES,43.53573,-5.66152,271780,0
Gilbert,US,33.35283,-111.78903,247542,0
Gilgit,PK,35.91869,74.31245,216760,0
Gillingham,GB,51.38914,0.54863,101187,0
Gimcheon,KR,36.12176,128.11981,150000,0
Gimpo-si,KR,37.62361,126.71417,203391,0
Gingoog,PH,8.82778,125.09972,138895,0
Ginowan,JP,26.26265,127.76147,100125,0
Girardot City,CO,4.30079,-74.80754,107324,0
Giresun,TR,40.91698,38.38741,125682,0
Girga,EG,26.33721,31.89295,151256,0
Giridih,IN,24.18622,86.30875,114533,0
Giron,CO,7.0682,-73.16981,108466,0
Girona,ES,41.98311,2.82493,100266,0
Gisenyi,RW,-1.70278,29.25639,172357,0
Gitega,BI,-3.42708,29.92463,64904,1
Giza,EG,30.00944,31.20861,4367343,0
Glasgow,GB,55.86515,-4.25763,626410,0
Glazov,RU,58.14,52.65619,100676,0
Glendale,US,33.53865,-112.18599,240126,0
Glendale,US,34.14251,-118.25508,201020,0
Gliwice,PL,50.29761,18.67658,198835,0
Gloucester,CA,45.35,-75.63333,150012,0
Gloucester,GB,51.86568,-2.2431,132416,0
Go Vap,VN,10.81667,106.68333,110850,0
Godhra,IN,22.77547,73.61488,143644,0
Godome,BJ,6.38948,2.34581,253262,0
Goelbasi,TR,39.79043,32.80903,165201,0
Goettingen,DE,51.53443,9.93228,122149,0
Goiania,BR,-16.67861,-49.25389,1536097,0
Gojra,PK,31.14926,72.68323,214000,0
Gokalpur,IN,28.7029,77.28961,121870,0
Gol'yanovo,RU,55.82299,37.81306,158000,0
Gold Coast,AU,-28.00029,153.43088,640778,0
Golestan,IR,35.5183,51.1819,240000,0
Golfe,AO,-8.86639,13.26173,655796,0
Goma,CD,-1.67409,29.22845,432587,0
Gombe,NG,10.28969,11.16729,560000,0
Gomez Palacio,MX,25.56871,-103.4996,257352,0
Gonbad-e Kavus,IR,37.25004,55.16721,151910,0
Gonda City,IN,27.13181,81.95332,133583,0
Gondal,IN,21.96074,70.80255,112197,0
Gonder,ET,12.6,37.46667,466000,0
Gondia,IN,21.46026,80.19205,132813,0
Gongheyong,CN,22.75923,113.79452,204881,0
Gongzhuling,CN,43.50075,124.81979,140909,0
Gorakhpur,IN,29.44768,75.67206,1324570,0
Gorakhpur,IN,26.76628,83.36889,674246,0
Gorgan,IR,36.8427,54.44391,244937,0
Gorontalo,ID,0.5375,123.0625,205390,0
Gorzow Wielkopolski,PL,52.73371,15.22505,114567,0
Gothenburg,SE,57.70716,11.96679,608462,0
Governador Valadares,BR,-18.85111,-41.94944,250878,0
Goyang-si,KR,37.65639,126.835,1061752,0
Gqeberha,ZA,-33.96109,25.61494,1050078,0
Gracia,ES,41.40237,2.15641,121502,0
Grajau,BR,-23.76979,-46.67112,384873,0
Granada,ES,37.18817,-3.60667,233532,0
Grand Prairie,US,32.74596,-96.99778,187809,0
Grand Rapids,US,42.96336,-85.66809,195097,0
Gravatai,BR,-29.94218,-50.99278,265074,0
Gravesend,US,40.5976,-73.96514,112229,0
Graz,AT,47.06733,15.44197,303270,0
Greater Noida,IN,28.49615,77.53601,293908,0
Greater Sudbury,CA,46.49,-80.99001,166004,0
Greeley,US,40.42331,-104.70913,108795,0
Green Bay,US,44.51916,-88.01983,105207,0
Greensboro,US,36.07264,-79.79198,285342,0
Grenoble,FR,45.17869,5.71479,158552,0
Gresham,US,45.49818,-122.43148,110553,0
Grogol,ID,-7.60111,110.81861,100613,0
Groningen,NL,53.21917,6.56667,244807,0
Grozny,RU,43.31195,45.68895,297137,0
Grytviken,GS,-54.28111,-36.5092,2,1
Guacara,VE,10.22609,-67.877,198883,0
Guadalajara,MX,20.67738,-103.34749,1385629,0
Guadalajara de Buga,CO,3.90089,-76.29783,114316,0
Guadalupe,MX,25.67663,-100.25907,673616,0
Guadalupe,MX,22.74678,-102.5188,170029,0
Guaianases,BR,-23.54333,-46.41083,109316,0
Guanabacoa,CU,23.12518,-82.30067,112964,0
Guanare,VE,9.03934,-69.73364,112286,0
Guang'an,CN,30.47413,106.63696,858159,0
Guangshui,CN,31.6199,113.9978,154771,0
Guangyuan,CN,32.44201,105.823,516424,0
Guangzhou,CN,23.11667,113.25,16096724,0
Guankou,CN,28.15861,113.62709,1380000,0
Guantanamo,CU,20.14444,-75.20917,272801,0
Guara,BR,-15.80976,-47.97202,120641,0
Guarapari,BR,-20.67182,-40.50196,124656,0
Guarapuava,BR,-25.39048,-51.46541,182093,0
Guaratingueta,BR,-22.81639,-45.1925,118044,0
Guarenas,VE,10.47027,-66.61934,248588,0
Guaruja,BR,-23.99306,-46.25639,322750,0
Guarulhos,BR,-23.46278,-46.53333,1169577,0
Guatemala City,GT,14.64072,-90.51327,994938,1
Guatire,VE,10.474,-66.54241,227666,0
Guayaquil,EC,-2.19616,-79.88621,2723665,0
Gucun,CN,31.34933,121.39341,240185,0
Gudivada,IN,16.43547,80.99555,118167,0
Guediawaye,SN,14.77446,-17.40212,329659,0
Guelma,DZ,36.46214,7.42608,120004,0
Guelmim,MA,28.98696,-10.05738,129200,0
Guelph,CA,43.54594,-80.25599,143740,0
Guigang,CN,23.11603,109.59472,1086327,0
Guiguinto,PH,14.83333,120.88333,118173,0
Guilin,CN,25.28022,110.29639,1572300,0
Guixi,CN,30.33355,107.34545,188980,0
Guiyang,CN,26.58333,106.71667,3037159,0
Gujangbagh,CN,37.10927,79.93433,408894,0
Gujranwala,PK,32.15567,74.18705,2511118,0
Gujrat,PK,32.5742,74.07542,574240,0
Guli,CN,28.88162,120.03308,536000,0
Gulin,CN,28.04223,105.81038,116527,0
Gulu,UG,2.77457,32.29899,177400,0
Gumi,KR,36.1136,128.336,404691,0
Guna,IN,24.64691,77.3113,180935,0
Gunan,CN,29.0231,106.648,208010,0
Gundupalaiyam,IN,11.94096,79.80294,300104,0
Gunpo,KR,37.3675,126.94694,286485,0
Gunsan,KR,35.97861,126.71139,264656,0
Guntakal,IN,15.17112,77.36244,126270,0
Guntur,IN,16.29974,80.45729,670073,0
Gunungsitoli,ID,1.2888,97.6143,136707,0
Guri-si,KR,37.5986,127.1394,195236,0
Gurue,MZ,-15.46694,36.97778,168971,0
Gurugram,IN,28.4601,77.02635,886519,0
Gusau,NG,12.17024,6.66412,226857,0
Gustavia,BL,17.89618,-62.84978,5988,1
Gustavo Adolfo Madero,MX,19.49392,-99.11075,1185772,0
Guwahati,IN,26.1844,91.7458,962334,0
Guyong,PH,14.8361,120.97844,155391,0
Guyuan,CN,36.00667,106.28083,411854,0
Gwalior,IN,26.22983,78.17337,1054420,0
Gwangju,KR,35.15472,126.91556,1401235,0
Gwangmyeong,KR,37.47722,126.86639,357545,0
Gwangyang,KR,34.9414,127.69569,154266,0
Gweru,ZW,-19.45,29.81667,158200,0
Gyanpur,IN,25.33268,82.46637,200000,0
Gyeongju,KR,35.84278,129.21167,245365,0
Gyeongsan-si,KR,35.82333,128.73778,266951,0
Gyor,HU,47.68333,17.63512,129301,0
Gyumri,AM,40.79305,43.84635,114667,0
Ha Long,VN,20.95045,107.07336,270054,0
Ha Tien,VN,10.3831,104.48753,100560,0
Ha Tinh,VN,18.34282,105.90569,266321,0
Ha'il,SA,27.52188,41.69073,605930,0
Haarlem,NL,52.38084,4.63683,162543,0
Habikino,JP,34.55276,135.59097,109479,0
Habra,IN,22.84202,88.65606,139297,0
Hachinohe,JP,40.5,141.5,239046,0
Hachioji,JP,35.65583,139.32389,579355,0
Hada'iq al Qubbah,EG,30.08843,31.28351,339612,0
Hadano,JP,35.37111,139.22361,163787,0
Hadejia,NG,12.45347,10.04115,110753,0
Haeju,KP,38.04056,125.71472,222396,0
Hafar Al-Batin,SA,28.43279,45.97077,271642,0
Hafizabad,PK,32.07095,73.68802,318621,0
Hagatna,GU,13.47567,144.74886,1051,1
Hagen,DE,51.36081,7.47168,198972,0
Hagonoy,PH,14.83413,120.73271,123531,0
Hai Ba Trung,VN,21.01341,105.84772,303586,0
Hai Chau,VN,15.91667,108.13333,131427,0
Hai Duong,VN,20.94099,106.33302,241373,0
Haicheng,CN,40.85158,122.74754,191651,0
Haifa,IL,32.81303,34.99928,285316,0
Haikou,CN,24.77985,102.57548,112644,0
Haikou,CN,20.03421,110.34651,2873358,0
Hailar,CN,49.2,119.7,211066,0
Hailin,CN,44.57149,129.38539,144443,0
Hailun,CN,47.44663,126.92475,109881,0
Haimen,CN,23.19346,116.61219,125427,0
Haiphong,VN,20.86481,106.68345,2625200,0
Hajipur,IN,25.68544,85.20981,147688,0
Hakodate,JP,41.77583,140.73667,275730,0
Haldia,IN,22.06046,88.10975,170695,0
Haldwani,IN,29.22254,79.5286,139497,0
Halifax,CA,44.64269,-63.57688,471559,0
Halisahar,IN,22.93218,88.41859,128172,0
Halle (Saale),DE,51.48158,11.97947,237865,0
Halwan,EG,29.84144,31.30084,230000,0
Hamadan,IR,34.79922,48.51456,528256,0
Hamah,SY,35.13179,36.75783,460602,0
Hamamatsu,JP,34.7,137.73333,791707,0
Hamburg,DE,53.55073,9.99302,1973896,0
Hamburg-Mitte,DE,53.55,10.01667,301231,0
Hamburg-Nord,DE,53.58935,9.984,315514,0
Hamhung,KP,39.91833,127.53639,559056,0
Hami,CN,42.83393,93.50601,246373,0
Hamilton,BM,32.2949,-64.78303,902,1
Hamilton,CA,43.25011,-79.84963,569353,0
Hamilton,NZ,-37.78333,175.28333,192100,0
Hamm,DE,51.68033,7.82089,178967,0
Hammamet,TN,36.4,10.61667,106326,0
Hammanskraal,ZA,-25.40892,28.287,112950,0
Hampton,US,37.02987,-76.34522,137148,0
Hanam,KR,37.54,127.20556,254415,0
Handa,JP,34.88333,136.93333,117884,0
Handan,CN,36.60999,114.48764,1358318,0
Handeni,TZ,-5.43333,38.01667,108968,0
Hanfeng,CN,31.16946,108.4031,196528,0
Hangu,CN,39.24889,117.78917,208369,0
Hangzhou,CN,30.29365,120.16142,9236032,0
Hanjia,CN,29.29524,108.16132,108430,0
Hannover,DE,52.37052,9.73322,515140,0
Hanoi,VN,21.0245,105.84117,8053663,1
Hanumangarh,IN,29.58182,74.32938,155687,0
Hanzhong,CN,33.07507,107.02214,1006557,0
Hapur,IN,28.72985,77.78068,242920,0
Harar,ET,9.31387,42.11815,157000,0
Harare,ZW,-17.82772,31.05337,1542813,1
Harbin,CN,45.75,126.65,5242897,0
Harburg,DE,53.46057,9.98388,169221,0
Hardoi,IN,27.39491,80.13165,122635,0
Hargeysa,SO,9.56,44.065,477876,0
Haridwar,IN,29.94791,78.16025,186079,0
Harlem,US,40.80788,-73.94542,116345,0
Harrow,GB,51.57835,-0.33208,149246,0
Hartford,US,41.76371,-72.68509,121054,0
Harunabad,PK,29.61206,73.13802,149679,0
Hashtsal,IN,28.63406,77.05771,176877,0
Hasilpur,PK,29.69221,72.54566,168146,0
Hassan,IN,13.00715,76.0962,155006,0
Hat Yai,TH,7.00836,100.47668,191696,0
Hathazari,BD,22.50515,91.81339,498179,0
Hathras,IN,27.59551,78.05201,126882,0
Hatsukaichi,JP,34.35,132.33333,114173,0
Havana,CU,23.13302,-82.38304,2163824,1
Haveli Lakha,PK,30.45097,73.69371,122389,0
Hawalli,KW,29.33278,48.02861,164212,0
Hayward,US,37.66882,-122.0808,158289,0
Hayy Khilda,JO,31.99202,35.84002,251000,0
Hazaribagh,IN,23.99241,85.36162,153595,0
Hebi,CN,35.73231,114.28616,634721,0
Hebron,PS,31.52935,35.0938,160470,0
Hechi,CN,24.69285,108.08376,330131,0
Hechuan,CN,29.99228,106.26461,377213,0
Hedong,CN,23.9196,115.7801,101825,0
Hefei,CN,31.86389,117.28083,5050000,0
Hegang,CN,47.34727,130.29033,743307,0
Heidelberg,DE,49.40768,8.69079,143345,0
Heihe,CN,50.24413,127.49016,223832,0
Heilbronn,DE,49.13995,9.22054,120733,0
Hejiang,CN,28.81161,105.83359,137437,0
Helsingborg,SE,56.04673,12.69437,104250,0
Helsinki,FI,60.16952,24.93545,658864,1
Henderson,US,36.0397,-114.98194,285667,0
Hengshan,CN,45.20837,130.89808,164844,0
Hengshui,CN,37.73908,115.68348,522147,0
Hengyang,CN,26.88946,112.61888,1075516,0
Hepo,CN,23.43077,115.82991,131238,0
Hepu,CN,21.65921,109.20011,192813,0
Herat,AF,34.34817,62.19967,574300,0
Hermosillo,MX,29.08874,-110.96677,812229,0
Herne,DE,51.5388,7.22572,172108,0
Heroica Guaymas,MX,27.91989,-110.89888,117253,0
Heroica Matamoros,MX,25.87972,-97.50417,510739,0
Heshan,CN,28.56938,112.34733,1249807,0
Hetauda,NP,27.42839,85.03219,195951,0
Heyuan,CN,23.73333,114.68333,463907,0
Heze,CN,35.23929,115.47358,1346717,0
Hezhou,CN,24.40357,111.56675,1005490,0
Hialeah,US,25.8576,-80.27811,237069,0
Hidalgo del Parral,MX,26.92987,-105.66618,104836,0
Higashihiroshima,JP,34.40861,132.73682,196608,0
Higashikurume,JP,35.75202,139.51169,117020,0
Higashimurayama,JP,35.75459,139.46852,151815,0
Higashiosaka,JP,34.66667,135.58333,493940,0
High Point,US,35.95569,-80.00532,110268,0
High Wycombe,GB,51.62907,-0.74934,133204,0
Hikone,JP,35.25,136.25,113647,0
Hildesheim,DE,52.15077,9.95112,103052,0
Hillsboro,US,45.52289,-122.98983,102347,0
Himamaylan,PH,10.09889,122.87056,117286,0
Himeji,JP,34.81667,134.7,530495,0
Hindaun,IN,26.73411,77.03519,105452,0
Hindupur,IN,13.82807,77.49143,151677,0
Hinganghat,IN,20.54875,78.83978,101805,0
Hino,JP,35.67306,139.40028,190435,0
Hinthada,MM,17.64944,95.45705,134947,0
Hirakata,JP,34.81352,135.64914,406331,0
Hiratsuka,JP,35.32785,139.33735,258422,0
Hirnytskyi,UA,48.0211,37.96914,107216,0
Hirosaki,JP,40.59306,140.4725,168739,0
Hiroshima,JP,34.4,132.45,1200754,0
Hisar,IN,29.15394,75.72294,307024,0
Hitachi,JP,36.6,140.65,174508,0
Hitachi-Naka,JP,36.39659,140.53479,156581,0
Hlaingthaya,MM,16.85,96.06667,687867,0
Ho,GH,6.60084,0.4713,130701,0
Ho Chi Minh City,VN,10.82302,106.62965,14002598,0
Hoa Binh,VN,20.81717,105.33759,105260,0
Hoa Cuong,VN,16.04314,108.18209,119363,0
Hoa Thanh,VN,11.28696,106.12936,147666,0
Hoan Kiem,VN,21.02857,105.85064,135618,0
Hoang Mai,VN,19.26758,105.71594,113360,0
Hobart,AU,-42.87936,147.32941,254930,0
Hofu,JP,34.05,131.56667,116925,0
Hohhot,CN,40.81056,111.65222,2350000,0
Hoima,UG,1.43314,31.35241,122700,0
Hoji ya Henda,AO,-8.80523,13.2897,642050,0
Holguin,CU,20.88722,-76.26306,319102,0
Hollywood,US,26.0112,-80.14949,149728,0
Hollywood,US,34.09834,-118.32674,167664,0
Holon,IL,32.01034,34.77918,196282,0
Homs,SY,34.72405,36.72559,775404,0
Homyel',BY,52.4345,30.9754,501102,0
Honcho,JP,35.70129,139.98648,644668,0
Hong Kong,HK,22.27832,114.17469,7396076,1
Hong Kong Island,HK,22.26302,114.18419,1195529,0
Hong Ngu,VN,10.8,105.35,101155,0
Honggang,CN,46.3974,124.88447,147977,0
Hongkou,CN,31.25,121.48917,687500,0
Honiara,SB,-9.43333,159.95,56298,1
Honmachi,JP,32.50439,130.59952,123067,0
Honolulu,US,21.30694,-157.85833,350964,0
Hoofddorp,NL,52.3025,4.68889,132734,0
Horlivka,UA,48.29986,38.01709,239828,0
Horta-Guinardo,ES,41.41849,2.1677,168092,0
Hortaleza,ES,40.47444,-3.6411,161661,0
Hortolandia,BR,-22.85833,-47.22,234259,0
Hosa'ina,ET,7.54978,37.85374,188200,0
Hosapete,IN,15.26954,76.3871,206167,0
Hoshiarpur,IN,31.53723,75.91269,168653,0
Hosur,IN,12.73647,77.83264,229528,0
Hougang New Town,SG,1.35667,103.89083,227560,0
Houston,US,29.76328,-95.36327,2314157,0
Howrah,IN,22.57688,88.31857,1027672,0
Hrodna,BY,53.6758,23.82887,361115,0
Hsinchu,TW,24.80361,120.96861,453536,0
Hua Hin,TH,12.57065,99.95876,126355,0
Huacheng,CN,24.06703,115.61309,101165,0
Huadian,CN,42.97213,126.74107,139047,0
Huai'an,CN,33.58861,119.01917,2494013,0
Huaibei,CN,33.97444,116.79167,1113321,0
Huaihua,CN,27.56337,110.00404,552622,0
Huainan,CN,32.62639,116.99694,1666826,0
Huambo,AO,-12.77611,15.73917,595304,0
Huancayo,PE,-12.06866,-75.21027,456250,0
Huanggang,CN,23.67704,116.99961,225956,0
Huanggang,CN,30.45143,114.87035,366769,0
Huangpu,CN,31.2378,121.4781,504700,0
Huangshan,CN,29.71139,118.3125,460786,0
Huangshi,CN,30.24706,115.04814,688090,0
Huangzhou,CN,30.45,114.8,122563,0
Huanuco,PE,-9.92882,-76.23989,196627,0
Huaraz,PE,-9.52614,-77.52869,118836,0
Huayin,CN,34.56528,110.06639,242488,0
Hub,PK,25.02555,66.88534,195661,0
Hubballi,IN,15.34776,75.13378,943788,0
Huddersfield,GB,53.64904,-1.78416,149017,0
Hue,VN,16.4619,107.59546,1380000,0
Huelva,ES,37.26638,-6.94004,144258,0
Hugli,IN,22.90877,88.39674,177005,0
Huicheng,CN,23.03845,116.28988,125919,0
Huinong,CN,39.23333,106.76944,136570,0
Huixing,CN,29.68403,106.61486,186972,0
Huixquilucan,MX,19.35985,-99.35016,124846,0
Huizhou,CN,23.11147,114.41523,2900113,0
Hulan,CN,45.89326,126.57836,109104,0
Hulan Ergi,CN,47.20417,123.63333,265344,0
Huludao,CN,40.75243,120.83552,944495,0
Hulunbuir,CN,49.21141,119.75582,349400,0
Humen,CN,22.81899,113.67306,191891,0
Hung Yen,VN,20.64637,106.05112,118646,0
Hungnam,KP,39.84198,127.63206,346082,0
Huntington Beach,US,33.6603,-117.99923,201899,0
Huntsville,US,34.7304,-86.58594,215006,0
Huocheng,CN,44.05305,80.87173,360000,0
Hurghada,EG,27.25738,33.81291,207132,0
Huyen Lam Ha,VN,11.81554,108.21444,144707,0
Huzhou,CN,30.8703,120.0933,1015937,0
Hwado,KR,37.6525,127.3075,106358,0
Hwaseong-si,KR,37.20682,126.8169,640890,0
Hyderabad,IN,17.38405,78.45636,6993262,0
Hyderabad,PK,25.39689,68.37718,1921275,0
Hyesan,KP,41.40167,128.17778,192680,0
Iasi,RO,47.16667,27.6,378954,0
Ibadan,NG,7.37756,3.90591,3649000,0
Ibague,CO,4.43573,-75.20289,529635,0
Ibanda,UG,-0.13398,30.49616,117700,0
Ibaraki,JP,34.81641,135.56828,287730,0
Ibarra,EC,0.34881,-78.12462,221149,0
Ibb,YE,13.96667,44.18333,771514,0
Ibirite,BR,-20.02194,-44.05889,170537,0
Ica,PE,-14.07538,-75.73422,282407,0
Ichalkaranji,IN,16.69117,74.46054,287353,0
Icheon-si,KR,37.27917,127.4425,196230,0
Ichihara,JP,35.51667,140.08333,283531,0
Ichikawa,JP,35.73413,139.9065,496676,0
Ichinomiya,JP,35.3,136.8,380073,0
Ichinoseki,JP,38.91667,141.13333,114476,0
Idku,EG,31.3073,30.2981,177152,0
Idlib,SY,35.93062,36.63393,128840,0
Ifakara,TZ,-8.13333,36.68333,205843,0
Igarassu,BR,-7.83417,-34.90639,122312,0
Igboho,NG,8.83784,3.75628,136764,0
Igdir,TR,39.92371,44.045,101700,0
Iguala de la Independencia,MX,18.34536,-99.5413,118468,0
Iguatemi,BR,-23.61277,-46.42667,149700,0
Iida,JP,35.51965,137.82074,101536,0
Iizuka,JP,33.63654,130.68678,126364,0
Ijebu Ode,NG,6.81944,3.91731,360000,0
Ijebu-Igbo,NG,6.97198,3.99938,109261,0
Ijero-Ekiti,NG,7.81514,5.06716,167632,0
Ijok,MY,3.31667,101.4,100899,0
Ikare,NG,7.52591,5.75342,465000,0
Ikeda,JP,34.82208,135.4298,104993,0
Ikeja,NG,6.59651,3.34205,313196,0
Ikere-Ekiti,NG,7.49748,5.23041,103054,0
Ikire,NG,7.36983,4.1863,222160,0
Ikirun,NG,7.91283,4.66741,134240,0
Ikoma,JP,34.68333,135.7,120741,0
Ikot Ekpene,NG,5.18194,7.71481,254806,0
Iksan,KR,35.94389,126.95444,307000,0
Ila Orangun,NG,8.01714,4.90421,179192,0
Ilagan,PH,17.14854,121.88924,164020,0
Ilam,IR,33.6374,46.4227,140940,0
Ile-Ife,NG,7.4824,4.56032,560000,0
Ilebo,CD,-4.33111,20.58638,117245,0
Ilesa,NG,7.62789,4.74161,325000,0
Ilford,GB,51.55765,0.07278,168168,0
Ilheus,BR,-14.79909,-39.03228,155499,0
Iligan,PH,8.2289,124.24344,342618,0
Iligan City,PH,8.25,124.4,312323,0
Ilobu,NG,7.83879,4.48672,118089,0
Iloilo,PH,10.69694,122.56444,473728,0
Ilorin,NG,8.49664,4.54214,1080000,0
Imabari,JP,34.07001,133.00023,170986,0
Imperatriz,BR,-5.52639,-47.49167,218106,0
Imphal,IN,24.80805,93.9442,277196,0
Imus,PH,14.42972,120.93667,481949,0
Inazawa,JP,35.25,136.78333,134751,0
Incheon,KR,37.45646,126.70515,3015482,0
Inda Silase,ET,14.10307,38.28289,100100,0
Indaiatuba,BR,-23.08842,-47.2119,256223,0
Independence,US,39.09112,-94.41551,117255,0
Indianapolis,US,39.76838,-86.15804,887642,0
Indore,IN,22.71792,75.8333,1994397,0
Indramayu,ID,-6.32639,108.32,123263,0
Inegol,TR,40.07806,29.51333,133959,0
Inezgane,MA,30.35535,-9.53639,142320,0
Inglewood,US,33.96168,-118.35313,111666,0
Ingolstadt,DE,48.76508,11.42372,120658,0
Ingombota,AO,-8.81806,13.22889,144911,0
Inisa,NG,7.84855,4.32981,164161,0
Inkisi,CD,-5.13122,15.0541,115317,0
Innsbruck,AT,47.26266,11.39454,132493,0
Insein,MM,16.88874,96.10257,247675,0
International City,AE,25.16383,55.40987,120000,0
Inzai,JP,35.83479,140.16361,105463,0
Ipatinga,BR,-19.46833,-42.53667,228746,0
Ipiranga,BR,-23.59957,-46.61599,116271,0
Ipoh,MY,4.5841,101.0829,759952,0
Ipojuca,BR,-8.39889,-35.06389,105638,0
Ipswich,GB,52.05917,1.15545,178835,0
Iquique,CL,-20.21326,-70.15027,199587,0
Iquitos,PE,-3.74814,-73.2529,377609,0
Irakleion,GR,35.32787,25.14341,137154,0
Iranshahr,IR,27.20245,60.68476,131232,0
Irapuato,MX,20.671,-101.35577,380941,0
Irbid,JO,32.55556,35.85,569068,0
Irewe,NG,6.41692,3.14058,139494,0
Iriga City,PH,13.4324,123.4115,115306,0
Iringa,TZ,-7.76667,35.7,202490,0
Irkutsk,RU,52.29566,104.29076,623869,0
Iruma,JP,35.818,139.368,147166,0
Irvine,US,33.66946,-117.82311,256927,0
Irving,US,32.81402,-96.94889,236607,0
Isahaya,JP,32.84111,130.04306,135546,0
Ise,JP,34.48333,136.7,123533,0
Ise-Ekiti,NG,7.46478,5.42333,190063,0
Isehara,JP,35.39932,139.31019,103401,0
Isesaki,JP,36.31667,139.2,211850,0
Iseyin,NG,7.97022,3.59626,365300,0
Isfahan,IR,32.65246,51.67462,1547164,0
Isfara,TJ,40.12649,70.62526,274000,0
Ishinomaki,JP,38.41667,141.3,140151,0
Isidro Casanova,AR,-34.7,-58.58745,131981,0
Isiro,CD,2.77391,27.61603,255409,0
Iskandar Puteri,MY,1.39324,103.62322,575977,0
Iskenderun,TR,36.58718,36.17347,251682,0
Islamabad,PK,33.72148,73.04329,601600,1
Islington,GB,51.53622,-0.10304,319143,0
Ismailia,EG,30.60427,32.27225,429465,0
Isparta,TR,37.76444,30.55222,172334,0
Istanbul,TR,41.01384,28.94966,15701602,0
Istaravshan,TJ,39.9142,69.00328,273500,0
Isulan,PH,6.62944,124.605,101455,0
Itabaiana,BR,-10.685,-37.42528,103440,0
Itabashi,JP,35.74893,139.71497,584483,0
Itabira,BR,-19.61917,-43.22694,113343,0
Itaborai,BR,-22.74444,-42.85944,240040,0
Itabuna,BR,-14.78556,-39.28028,205660,0
Itacoatiara,BR,-3.14306,-58.44417,112520,0
Itaguai,BR,-22.85222,-43.77528,123980,0
Itaguei,CO,6.18461,-75.59913,281853,0
Itaim Bibi,BR,-23.58581,-46.68241,101452,0
Itaim Paulista,BR,-23.50308,-46.38566,205295,0
Itaituba,BR,-4.27611,-55.98361,123314,0
Itajai,BR,-26.90778,-48.66194,155716,0
Itami,JP,34.78427,135.40126,198138,0
Itanhaem,BR,-24.18306,-46.78889,103102,0
Itapecerica da Serra,BR,-23.71694,-46.84917,158522,0
Itaperuna,BR,-21.205,-41.88778,107246,0
Itapetininga,BR,-23.59167,-48.05306,157790,0
Itapevi,BR,-23.54889,-46.93417,240961,0
Itapipoca,BR,-3.49444,-39.57861,131123,0
Itaquaquecetuba,BR,-23.48611,-46.34833,369275,0
Itaquera,BR,-23.53194,-46.44417,210960,0
Itarsi,IN,22.61477,77.76222,100574,0
Itatiba,BR,-23.00583,-46.83889,122581,0
Itu,BR,-23.26417,-47.29917,137586,0
Ituiutaba,BR,-18.97428,-49.46212,102217,0
Ituzaingo,AR,-27.58504,-56.68707,168419,0
Ivano-Frankivsk,UA,48.92312,24.71248,238196,0
Ivanovo,RU,56.99988,40.97257,406113,0
Ivanovskoye,RU,55.76667,37.83333,128000,0
Ivory Park,ZA,-25.9957,28.1971,184383,0
Iwaki,JP,37.05,140.88333,357309,0
Iwakuni,JP,34.16297,132.22,129125,0
Iwata,JP,34.7,137.85,166672,0
Iwatsuki,JP,35.96474,139.69644,108833,0
Iwo,NG,7.63527,4.18156,250443,0
Ixtapaluca,MX,19.31556,-98.88284,322271,0
Izeh,IR,31.83027,49.86756,119399,0
Izhevsk,RU,56.85225,53.19862,648213,0
Izmaylovo,RU,55.7966,37.78242,104000,0
Izmir,TR,38.41273,27.13838,2938292,0
Izmit,TR,40.76499,29.92928,196571,0
Iztacalco,MX,19.39528,-99.09778,384326,0
Iztapalapa,MX,19.35529,-99.06224,1835486,0
Izumi,JP,34.48333,135.43333,184615,0
Izumisano,JP,34.41667,135.31667,100131,0
Izumo,JP,35.36667,132.76667,172775,0
Jabalpur,IN,23.16697,79.95006,1081677,0
Jabalya,PS,31.5272,34.48347,168568,0
Jabaquara,BR,-23.65055,-46.64591,214958,0
Jaboatao dos Guararapes,BR,-8.11278,-35.01472,644037,0
Jacarei,BR,-23.30528,-45.96583,213110,0
Jackson,US,32.29876,-90.18481,153701,0
Jacksonville,US,30.33218,-81.65565,1009833,0
Jacmel,HT,18.23569,-72.53686,137966,0
Jacobabad,PK,28.28187,68.43761,219315,0
Jaen,ES,37.76922,-3.79028,113457,0
Jaffa,IL,32.05043,34.75224,100000,0
Jaffna,LK,9.66845,80.00742,169102,0
Jagadhri,IN,30.16719,77.30367,124894,0
Jagdalpur,IN,19.08136,82.02131,125463,0
Jagtial,IN,18.79473,78.91661,103930,0
Jahanabad,IN,25.21368,84.9871,103202,0
Jahrom,IR,28.5,53.5605,141634,0
Jaigaon,IN,26.84766,89.37558,158664,0
Jaipur,IN,26.91962,75.78781,3046163,0
Jajmau,IN,26.4304,80.4095,652831,0
Jakarta,ID,-6.21462,106.84513,8540121,1
Jalai Nur,CN,49.45,117.7,107828,0
Jalalabad,AF,34.42647,70.45153,271900,0
Jalalpur Jattan,PK,32.64118,74.20561,146743,0
Jalalpur Pirwala,PK,29.5051,71.22202,500000,0
Jalandhar,IN,31.32556,75.57917,868929,0
Jalapa,GT,14.63542,-89.99112,159840,0
Jalgaon,IN,21.00292,75.56602,460228,0
Jalingo,NG,8.89367,11.3596,117757,0
Jalna,IN,19.84102,75.88636,285577,0
Jalpaiguri,IN,26.51667,88.73333,107832,0
Jamaica,US,40.69149,-73.80569,216866,0
Jamalpur,BD,24.91965,89.94812,167900,0
Jamalpur,IN,25.31258,86.48888,105434,0
Jambi City,ID,-1.6,103.61667,635101,0
Jamestown,SH,-15.92488,-5.71816,637,1
Jammu,IN,32.73528,74.86167,576198,0
Jamnagar,IN,22.47292,70.06673,600943,0
Jampur,PK,29.64235,70.59518,155243,0
Jamshedpur,IN,22.80278,86.18545,1339438,0
Jamuria,IN,23.70468,87.07872,160242,0
Janakpur,NP,26.72882,85.92628,195438,0
Jandira,BR,-23.5275,-46.9025,118045,0
Janzur,LY,32.81868,13.01727,154389,0
Japeri,BR,-22.64306,-43.65333,102149,0
Jaragua,BR,-23.44077,-46.73774,211610,0
Jaragua do Sul,BR,-26.48611,-49.06667,182660,0
Jaranwala,PK,31.3332,73.41868,150380,0
Jardim Angela,BR,-23.71636,-46.76872,311432,0
Jardim Helena,BR,-23.4837,-46.41309,129409,0
Jardim Sao Luis,BR,-23.68073,-46.7394,259377,0
Jatai,BR,-17.87939,-51.72166,105729,0
Jau,BR,-22.29639,-48.55778,133497,0
Jauharabad,PK,32.29016,72.28182,113188,0
Jaunpur,IN,25.75356,82.68689,169572,0
Jayapura,ID,-2.53371,140.71813,410852,0
Jebel Ali,AE,25.00255,55.10811,210000,0
Jeddah,SA,21.49012,39.18624,4697000,0
Jeju City,KR,33.50972,126.52194,488844,0
Jember,ID,-8.17211,113.69953,298585,0
Jena,DE,50.92878,11.5899,104712,0
Jeongeup,KR,35.60004,126.91699,139876,0
Jeonju,KR,35.82194,127.14889,638421,0
Jepara,ID,-6.5924,110.671,1257912,0
Jequie,BR,-13.85875,-40.08512,127475,0
Jerez de la Frontera,ES,36.68645,-6.13606,212879,0
Jersey City,US,40.72816,-74.07764,264290,0
Jerusalem,IL,31.76904,35.21633,971800,0
Jessore,BD,23.16971,89.21371,243987,0
Jetpur,IN,21.75482,70.62347,118302,0
Jhang Sadr,PK,31.26981,72.31687,606533,0
Jhansi,IN,25.45887,78.57994,412927,0
Jhelum,PK,32.93448,73.73102,190425,0
Jhunjhunun,IN,28.12559,75.39797,118473,0
Ji Parana,BR,-10.88528,-61.95167,124333,0
Ji'an,CN,27.11716,114.97927,538699,0
Jiading,CN,31.38575,121.24465,1886100,0
Jiagedaqi,CN,50.41667,124.11667,135760,0
Jiamusi,CN,46.79711,130.31118,549549,0
Jianchang,CN,27.55831,116.63978,109108,0
Jiangmen,CN,22.58333,113.08333,1795459,0
Jiangyin,CN,31.91102,120.26302,1779515,0
Jiangyou,CN,31.76667,104.71667,127225,0
Jianshui,CN,24.2774,101.224,490000,0
Jiaohe,CN,43.72133,127.33473,123018,0
Jiaojiang,CN,28.69844,121.47331,470804,0
Jiaozhou,CN,36.28389,120.00333,619266,0
Jiaozuo,CN,35.23925,113.23914,865413,0
Jiashan,CN,30.84918,120.92583,137112,0
Jiawang,CN,34.43278,117.44194,133861,0
Jiaxing,CN,30.7522,120.75,1180000,0
Jiayuguan,CN,39.81121,98.28618,231853,0
Jiazi,CN,22.87932,116.07318,130298,0
Jieshi,CN,22.81027,115.83058,137444,0
Jieshou,CN,33.26338,115.36108,141993,0
Jieyang,CN,23.5418,116.36581,1899394,0
Jijel,DZ,36.821,5.76352,131513,0
Jijiang,CN,29.28993,106.25001,196787,0
Jijiga,ET,9.35,42.8,483000,0
Jilin,CN,43.84652,126.5608,1895865,0
Jimeta,NG,9.27949,12.45819,248148,0
Jimma,ET,7.67344,36.83441,250900,0
Jinan,CN,36.66833,116.99722,4335989,0
Jinchang,CN,38.50062,102.19379,228561,0
Jincheng,CN,35.50222,112.83278,476945,0
Jind,IN,29.31577,76.31502,167592,0
Jinfeng,CN,28.2385,116.60054,127076,0
Jing'an,CN,31.22,121.41583,936500,0
Jing'an,CN,22.21072,113.29218,186000,0
Jingdezhen,CN,29.2947,117.20789,473561,0
Jinghong,CN,22.00265,100.7697,205523,0
Jingling,CN,30.65,113.1,224871,0
Jingmen,CN,31.03361,112.20472,632954,0
Jingzhi,CN,36.31,119.3875,126703,0
Jingzhou,CN,30.35028,112.19028,1052282,0
Jinhua,CN,29.10678,119.64421,1463990,0
Jining,CN,35.405,116.58139,1241012,0
Jining,CN,41.0275,113.10583,258757,0
Jinjiang,CN,24.81978,118.57415,1416151,0
Jinshan,CN,30.83556,121.29373,822776,0
Jinshanlu,CN,47.8505,88.13286,190064,0
Jinzhong,CN,37.68403,112.75471,1226617,0
Jinzhou,CN,39.1,121.71667,215386,0
Jinzhou,CN,41.10778,121.14167,604269,0
Jiroft,IR,28.67806,57.74056,130429,0
Jishou,CN,28.31925,109.73346,102332,0
Jishu,CN,44.31667,126.8,103988,0
Jiujiang,CN,29.70475,116.00206,1164268,0
Jiupu,CN,41.06667,122.95,123843,0
Jiuquan,CN,39.74318,98.51736,428346,0
Jiutai,CN,44.15127,125.82975,175115,0
Jiutepec,MX,18.88139,-99.17778,215357,0
Jixi,CN,45.29322,130.96217,403759,0
Jiyuan,CN,35.08912,112.58815,242143,0
Jizan,SA,16.88917,42.55111,105198,0
Jizhou,CN,37.55054,115.56871,362013,0
Jizzax,UZ,40.13351,67.82956,179200,0
Joao Pessoa,BR,-7.115,-34.86306,817511,0
Jodhpur,IN,26.26841,73.00594,1056191,0
Joenkoeping,SE,57.78145,14.15618,112766,0
Joetsu,JP,37.14828,138.23642,189430,0
Johannesburg,ZA,-26.20227,28.04363,9418183,0
Johor Bahru,MY,1.4655,103.7578,858118,0
Joinville,BR,-26.30444,-48.84556,461304,0
Joliet,US,41.52519,-88.0834,147861,0
Jolo,PH,6.05222,121.00222,101002,0
Jombang,ID,-7.54595,112.23307,126465,0
Jomvu,KE,-3.98623,39.6082,163415,0
Jorhat,IN,26.75751,94.20306,126736,0
Jos,NG,9.92849,8.89212,1040000,0
Jose Bonifacio,BR,-23.56742,-46.43264,128243,0
Jose C. Paz,AR,-34.51541,-58.76813,230208,0
Juan Diaz,PA,9.04059,-79.44083,100636,0
Juazeiro,BR,-9.41167,-40.49861,237821,0
Juazeiro do Norte,BR,-7.21306,-39.31528,225230,0
Juba,SS,4.85165,31.58247,450000,1
Juiz de Fora,BR,-21.76417,-43.35028,573285,0
Juja,KE,-1.10148,37.0132,156041,0
Juliaca,PE,-15.5,-70.13333,245675,0
Junagadh,IN,21.51966,70.45981,319462,0
Jundiai,BR,-23.18639,-46.88417,443221,0
Jurong Town,SG,1.33417,103.72278,262730,0
Jurong West,SG,1.35028,103.72278,253840,0
Jutiapa,GT,14.28491,-89.88798,145880,0
Jyvaeskylae,FI,62.24147,25.72088,148744,0
Kabankalan,PH,9.9839,122.81423,210893,0
Kabin Buri,TH,13.95133,101.71739,140056,0
Kabinda,CD,-6.13791,24.48179,219396,0
Kabul,AF,34.52813,69.17233,4434550,1
Kabwe,ZM,-14.4469,28.44644,288598,0
Kadapa,IN,14.47995,78.82346,344893,0
Kadoma,JP,34.7381,135.57442,131727,0
Kadoma,ZW,-18.33328,29.91534,117381,0
Kaduna,NG,10.52641,7.43879,1850000,0
Kaech'on,KP,39.70056,125.89333,319554,0
Kaesong,KP,37.97083,126.55444,338155,0
Kafr ad Dawwar,EG,31.13379,30.12969,128539,0
Kafr ash Shaykh,EG,31.11174,30.93991,194569,0
Kafrul,BD,23.78822,90.37359,339734,0
Kafue,ZM,-15.76911,28.18136,104174,0
Kagoshima,JP,31.56667,130.55,595049,0
Kahama,TZ,-3.83333,32.6,453654,0
Kahramanmaras,TR,37.5847,36.92641,384953,0
Kaifeng,CN,34.7986,114.30742,1451741,0
Kaili,CN,26.58583,107.97972,275745,0
Kairouan,TN,35.6781,10.09633,139070,0
Kaithal,IN,29.80153,76.39959,144915,0
Kaiyuan,CN,23.69767,103.30372,198423,0
Kaiyuan,CN,42.53306,124.04028,112462,0
Kajang,MY,2.99424,101.78875,236240,0
Kajansi,UG,0.21548,32.53453,135600,0
Kakamega,KE,0.28422,34.75229,1867579,0
Kakamigahara,JP,35.41667,136.86667,144521,0
Kakegawa,JP,34.76667,138.01667,117925,0
Kakinada,IN,16.96036,82.23809,384182,0
Kakogawacho-honmachi,JP,34.76943,134.82905,271634,0
Kalaban Koro,ML,12.57329,-8.02907,148247,0
Kalaburagi,IN,17.33583,76.83757,543147,0
Kalemie,CD,-5.94749,29.19471,160961,0
Kalemyo,MM,23.19014,94.06405,348573,0
Kaliningrad,RU,54.70639,20.51102,475056,0
Kalininskiy,RU,59.99675,30.3899,504641,0
Kalisz,PL,51.76109,18.09102,108759,0
Kallakurichi,IN,11.73379,78.95925,1682687,0
Kallang,SG,1.33333,103.86667,101290,0
Kallithea,GR,37.95,23.7,100641,0
Kalmiuskyi,UA,47.11046,37.54375,101498,0
Kalmunai,LK,7.40902,81.83472,100171,0
Kalol,IN,23.24656,72.49508,134426,0
Kaluga,RU,54.53063,36.27,340851,0
Kalulushi,ZM,-12.84151,28.09479,104046,0
Kalyan,IN,19.2437,73.13554,1262255,0
Kalynivskyi,UA,48.00741,37.85378,103249,0
Kamagaya,JP,35.76971,140.00238,109932,0
Kamakura,JP,35.31085,139.54698,172929,0
Kamalia,PK,30.72708,72.64607,166617,0
Kamalshahr,IR,35.86187,50.87424,141669,0
Kamarhati,IN,22.67111,88.37472,332965,0
Kamensk-Ural'skiy,RU,56.40626,61.93347,182500,0
Kamina,CD,-8.73508,24.99798,200184,0
Kamirenjaku,JP,35.69423,139.55495,195391,0
Kamloops,CA,50.66648,-120.3192,104460,0
Kamoke,PK,31.97526,74.22304,292023,0
Kampala,UG,0.31628,32.58219,1680600,1
Kampong Baharu Cheras Batu Sebelas,MY,3.05,101.76667,232100,0
Kampong Pasir Ris,SG,1.37833,103.93194,144260,0
Kampung Baru Subang,MY,3.15,101.53333,833571,0
Kampung Kangkar Teberau,MY,1.532,103.7549,412373,0
Kampung Larkin Lama,MY,1.5024,103.744,500000,0
Kampung Pasir Gudang Baru,MY,1.4726,103.878,145639,0
Kampung Sungai Ara,MY,5.32699,100.27348,140849,0
Kampung Sungai Glugur,MY,5.36966,100.31353,145600,0
Kamsar,GN,10.65,-14.61667,113350,0
Kamyanske,UA,48.51716,34.60617,226845,0
Kamyshin,RU,50.0885,45.41277,128626,0
Kananga,CD,-5.89624,22.41659,1247168,0
Kanayannur,IN,9.96667,76.26667,851406,0
Kanazawa,JP,36.6,136.61667,466029,0
Kanchipuram,IN,12.83515,79.70006,221715,0
Kanchrapara,IN,22.95998,88.42849,136954,0
Kandahar,AF,31.61332,65.71013,523300,0
Kandy,LK,7.2906,80.6336,111701,0
Kangding,CN,30.00222,101.9569,100000,0
Kanggye,KP,40.96946,126.58523,209530,0
Kangnyong,KP,37.9075,125.51,106827,0
Kangson,KP,38.93639,125.58111,102436,0
Kanhangad,IN,12.30814,75.10632,125564,0
Kani,JP,35.40435,137.05595,102143,0
Kankan,GN,10.38542,-9.30568,221428,0
Kano,NG,12.00012,8.51672,4910000,0
Kanoya,JP,31.38333,130.85,101096,0
Kanpur,IN,26.46523,80.34975,2823249,0
Kanpur Cantonment,IN,26.45942,80.37514,108534,0
Kansas City,US,39.11417,-94.62746,152933,0
Kansas City,US,39.09973,-94.57857,475378,0
Kansk,RU,56.20218,95.71848,101502,0
Kaohsiung,TW,22.61626,120.31333,2737660,0
Kaolack,SN,14.15197,-16.07259,298904,0
Kapar,MY,3.13333,101.38333,269627,0
Kara,TG,9.55111,1.18611,104207,0
Karabaglar,TR,38.382,27.132,479338,0
Karabuek,TR,41.20488,32.62768,125403,0
Karachi,PK,24.8608,67.0104,11624219,0
Karagandy,KZ,49.80187,73.10211,497777,0
Karaikkudi,IN,10.06615,78.76784,181851,0
Karaj,IR,35.83266,50.99155,1448075,0
Karaman,TR,37.18111,33.215,175390,0
Karamay,CN,45.58473,84.88724,261445,0
Karatsu,JP,33.4425,129.96972,117663,0
Karawalnagar,IN,28.72712,77.27047,224281,0
Karawang,ID,-6.30525,107.3197,307880,0
Karbala,IQ,32.61603,44.02488,1218732,0
Kariega,ZA,-33.75562,25.40074,291052,0
Karimnagar,IN,18.43915,79.12856,289821,0
Kariya,JP,34.98333,136.98333,153834,0
Karlsruhe,DE,49.00937,8.40444,283799,0
Karnal,IN,29.69197,76.98448,302140,0
Karnaphuli,BD,22.69056,92.23472,203697,0
Karol Bagh,IN,28.65136,77.19072,505241,0
Karsiyaka,TR,38.45772,27.1142,339624,0
Karur,IN,10.95771,78.08095,234191,0
Karuri,KE,-1.17641,36.7564,194342,0
Karuri,KE,-0.7,37.18333,194342,0
Kasama,ZM,-10.21289,31.18084,179636,0
Kasangati,UG,0.43803,32.60246,207800,0
Kasese,UG,0.18333,30.08333,115400,0
Kashan,IR,33.98237,51.42769,304487,0
Kashan,IR,34.00228,51.43879,304487,0
Kashgar,CN,39.46718,75.98675,506640,0
Kashihara-shi,JP,34.50896,135.7929,124521,0
Kashipur,IN,29.21399,78.95693,103138,0
Kashiwa,JP,35.86224,139.97732,433436,0
Kashiwara,JP,34.45,135.76667,120922,0
Kashmar,IR,35.23831,58.46558,102282,0
Kassala,SD,15.45099,36.39998,401477,0
Kassel,DE,51.31667,9.5,197230,0
Kastamonu,TR,41.37805,33.77528,125622,0
Kasuga,JP,33.52594,130.4611,111023,0
Kasugai,JP,35.24762,136.97229,308681,0
Kasukabe,JP,35.98308,139.74966,229792,0
Kasulu,TZ,-4.57667,30.1025,238321,0
Kasur,PK,31.11866,74.45025,510875,0
Katabi,UG,0.08411,32.46972,154300,0
Kathmandu,NP,27.70169,85.3206,1442271,1
Kati,ML,12.74409,-8.07257,130254,0
Katihar,IN,25.53852,87.57044,240838,0
Katowice,PL,50.2597,19.02173,286960,0
Katsina,NG,12.99082,7.60177,670000,0
Katsushika,JP,35.73333,139.85,453093,0
Katsuta,JP,36.38333,140.53333,155968,0
Katumba,TZ,-9.23333,33.61667,108558,0
Kaunas,LT,54.90156,23.90909,289380,0
Kawachi-Nagano,JP,34.44108,135.58283,101692,0
Kawagoe,JP,35.90861,139.48528,354571,0
Kawaguchi,JP,35.80521,139.71072,607373,0
Kawanishi,JP,34.81667,135.41667,155165,0
Kawasaki,JP,35.52056,139.71722,1538262,0
Kaya,BF,13.0883,-1.08368,121970,0
Kayes,ML,14.44776,-11.44393,194716,0
Kayseri,TR,38.73222,35.48528,1452458,0
Kazan,RU,55.78874,49.12214,1243500,0
Kazo,JP,36.11667,139.6,112792,0
Kecskemet,HU,46.90618,19.69128,109847,0
Kediri,ID,-7.81667,112.01667,301424,0
Kedungwuni,ID,-6.97038,109.64794,117249,0
Keelung,TW,25.13089,121.74094,362487,0
Kelar,IQ,34.62805,45.31852,250000,0
Kelowna,CA,49.88307,-119.48568,144576,0
Kembangan,SG,1.32228,103.91135,130252,0
Kemerovo,RU,55.35417,86.10435,558973,0
Kendari,ID,-3.9778,122.51507,351085,0
Kenema,SL,7.87687,-11.19025,255110,0
Keng Tung,MM,21.63093,99.92676,171620,0
Kenitra,MA,34.26101,-6.5802,470949,0
Kennedy,CO,4.6165,-74.14597,979914,0
Kent,US,47.38093,-122.23484,126952,0
Kentron,AM,40.17806,44.51303,133000,0
Kerch,UA,45.35675,36.47542,148932,0
Kerman,IR,30.28321,57.07879,577514,0
Kermanshah,IR,34.31417,47.065,621100,0
Kfar Saba,IL,32.175,34.90694,110456,0
Khabarovsk,RU,48.46204,135.0971,618150,0
Khairpur Mir's,PK,27.52948,68.75915,191044,0
Khamis Mushait,SA,18.3,42.73333,387553,0
Khammam,IN,17.24767,80.14368,196283,0
Khan Yunis,PS,31.34018,34.30627,173183,0
Khanaqin,IQ,34.3482,45.39065,175000,0
Khandwa,IN,21.82427,76.35086,200738,0
Khanna,IN,30.70547,76.22196,128137,0
Khanpur,PK,28.64739,70.65694,142426,0
Khanty-Mansiysk,RU,61.00187,69.02728,101466,0
Kharagpur,IN,22.33971,87.32501,219665,0
Khardah,IN,22.71861,88.37806,128346,0
Khargone,IN,21.82292,75.61394,116150,0
Kharian,PK,32.81612,73.88697,103036,0
Kharkiv,UA,49.98177,36.25475,1421125,0
Khartoum,SD,15.55177,32.53241,1974647,1
Khartoum North,SD,15.64925,32.53458,1012211,0
Khasavyurt,RU,43.24872,46.58571,126829,0
Khasnahzan,IQ,36.2009,44.14235,146639,0
Khemisset,MA,33.82404,-6.06627,143640,0
Khenchela,DZ,35.43583,7.14333,114472,0
Khenifra,MA,32.93492,-5.66167,128318,0
Khimki,RU,55.9001,37.42848,239967,0
Khirdalan,AZ,40.44808,49.75502,196200,0
Khlong Luang,TH,14.06467,100.64578,118551,0
Khlong Sam Wa,TH,13.87139,100.73719,169489,0
Khlong Toei,TH,13.71014,100.58192,109041,0
Khmelnytskyi,UA,49.41835,26.97936,274452,0
Khobar,SA,26.27944,50.20833,165799,0
Khomeyni Shahr,IR,32.6856,51.53609,277334,0
Khon Kaen,TH,16.44671,102.833,114459,0
Khoroshevo-Mnevniki,RU,55.78363,37.47137,159000,0
Khorramabad,IR,33.48778,48.35583,329825,0
Khorramshahr,IR,30.44079,48.18428,330606,0
Khouribga,MA,32.88108,-6.9063,214241,0
Khujand,TJ,40.28256,69.62216,191000,0
Khulna,BD,22.80979,89.56439,1500689,0
Khuraybat as Suq,JO,31.87913,35.92098,186158,0
Khurja,IN,28.25382,77.85535,105909,0
Khushab,PK,32.29667,72.3525,102793,0
Khuy,IR,38.5503,44.9521,198845,0
Khuzdar,PK,27.81193,66.61096,218112,0
Khwisero,KE,0.17124,34.59466,113294,0
Kiambu,KE,-1.17139,36.83556,147870,0
Kibaha,TZ,-6.76667,38.91667,265360,0
Kiel,DE,54.32133,10.13489,252668,0
Kielce,PL,50.87033,20.62752,192468,0
Kien An,VN,20.80528,106.62556,118047,0
Kigali,RW,-1.94995,30.05885,1132686,1
Kigoma,TZ,-4.87694,29.62667,232388,0
Kikolo,AO,-8.7815,13.33384,728205,0
Kikuyu,KE,-1.24627,36.66291,323881,0
Kikwit,CD,-5.04098,18.81619,509367,0
Kilamba,AO,-8.84861,13.275,237528,0
Kilis,TR,36.71611,37.115,111648,0
Killeen,US,31.11712,-97.7278,140806,0
Kima Kieza,AO,-8.83411,13.29517,428855,0
Kimberley,ZA,-28.73226,24.76232,142089,0
Kimhae,KR,35.23417,128.88111,531966,0
Kindia,GN,10.05692,-12.86576,161024,0
Kindrativskyi,UA,48.30282,38.05475,101565,0
Kindu,CD,-2.94373,25.92237,234651,0
Kingston,CA,44.22976,-76.48098,132485,0
Kingston,JM,17.99702,-76.79358,937700,1
Kingston,NF,-29.05459,167.96628,880,1
Kingston upon Hull,GB,53.7446,-0.33525,314018,0
Kingstown,VC,13.15527,-61.22742,24518,1
Kinshasa,CD,-4.32758,15.31357,16000000,1
Kipushi,CD,-11.76097,27.25135,169635,0
Kira,UG,0.4,32.63333,462900,0
Kirari Sulemannagar,IN,28.69736,77.0648,283211,0
Kirdasah,EG,30.03103,31.11109,137588,0
Kirikkale,TR,39.84528,33.50639,186960,0
Kirishima,JP,31.74087,130.76288,123205,0
Kirkuk,IQ,35.46806,44.39222,1031000,0
Kirov,RU,58.59809,49.65783,507155,0
Kirsehir,TR,39.14583,34.16389,150700,0
Kiryu,JP,36.4,139.33333,108991,0
Kisangani,CD,0.51528,25.19099,1181788,0
Kisaran,ID,2.9845,99.6158,141915,0
Kisarazu,JP,35.38329,139.93254,136166,0
Kiselevsk,RU,53.99,86.6621,104000,0
Kishanganj,IN,26.10224,87.95534,105782,0
Kishangarh,IN,26.59006,74.85397,154886,0
Kishiwada,JP,34.46667,135.36667,205561,0
Kisi,NG,9.08297,3.85196,155510,0
Kisii,KE,-0.68174,34.76666,112417,0
Kislovodsk,RU,43.91333,42.72083,132771,0
Kismayo,SO,-0.35817,42.54536,234852,0
Kissidougou,GN,9.1848,-10.09987,116019,0
Kisumu,KE,-0.10221,34.76171,397957,0
Kita,JP,35.75264,139.73348,332140,0
Kitakyushu,JP,33.85181,130.85034,940978,0
Kitale,KE,1.01572,35.00622,162174,0
Kitami,JP,43.80306,143.89083,119135,0
Kitchener,CA,43.42537,-80.5112,256885,0
Kitengela,KE,-1.47612,36.96144,154436,0
Kitwe,ZM,-12.80243,28.21323,665961,0
Kiziltepe,TR,37.18836,40.57723,150174,0
Klagenfurt am Woerthersee,AT,46.62472,14.30528,100316,0
Klaipeda,LT,55.7068,21.13912,172292,0
Klang,MY,3.03667,101.44333,240016,0
Klaten,ID,-7.70583,110.60639,126831,0
Klerksdorp,ZA,-26.85213,26.66672,227039,0
Kluang,MY,2.03046,103.31689,323762,0
Klungkung,ID,-8.53333,115.4,223720,0
Knoxville,US,35.96064,-83.92074,190740,0
Kobe,JP,34.6913,135.183,1525152,0
Koblenz,DE,50.35357,7.57883,107319,0
Kochi,IN,9.93988,76.26022,633553,0
Kochi,JP,33.55,133.53333,332059,0
Kodaira,JP,35.72603,139.48508,198739,0
Koeln,DE,50.93333,6.95,1024621,0
Koforidua,GH,6.09408,-0.25913,151255,0
Kofu,JP,35.66667,138.56667,189591,0
Koga,JP,36.18333,139.71667,139344,0
Koganei,JP,35.70014,139.51109,126074,0
Kohat,PK,33.58196,71.44929,151427,0
Koidu,SL,8.64387,-10.9714,128030,0
Kokshetau,KZ,53.28414,69.39364,150649,0
Kokubunji,JP,35.70222,139.47556,129242,0
Kolar,IN,13.13768,78.12999,138462,0
Kolda,SN,12.8939,-14.94125,103574,0
Kolhapur,IN,16.69563,74.23167,549236,0
Kolkata,IN,22.56263,88.36304,4631392,0
Kollam,IN,8.88113,76.58469,367107,0
Kolomna,RU,55.07108,38.78399,147690,0
Kolpino,RU,59.75069,30.58856,138979,0
Kolwezi,CD,-10.71484,25.46674,790248,0
Kom Ombo,EG,24.47669,32.94626,409311,0
Komaki,JP,35.28333,136.91667,148872,0
Komatsu,JP,36.40263,136.45088,108509,0
Kombolcha,ET,11.08155,39.74339,132100,0
Komsomolsk-on-Amur,RU,50.55034,137.00995,275908,0
Kon Tum,VN,14.35451,108.00759,205762,0
Konak,TR,38.4,27.1,332277,0
Konibodom,TJ,40.29414,70.43122,211100,0
Konosu,JP,36.06868,139.51684,116828,0
Konya,TR,37.87135,32.48464,1433861,0
Korba,IN,22.3458,82.69633,419146,0
Koreatown,US,34.05779,-118.30091,124281,0
Korhogo,CI,9.45803,-5.62961,440926,0
Koriyama,JP,37.4,140.38333,327692,0
Korla,CN,41.76055,86.15231,549324,0
Korolev,RU,55.91417,37.82556,139798,0
Korolyov,UA,50.24487,28.70013,114034,0
Koronadal,PH,6.50306,124.84694,201844,0
Koshigaya,JP,35.89035,139.78916,345353,0
Kosice,SK,48.71441,21.25802,225044,0
Kostanay,KZ,53.21435,63.62463,210000,0
Kosti,SD,13.1629,32.66347,345068,0
Kostroma,RU,57.76638,40.92828,277280,0
Koszalin,PL,54.19438,16.17222,107450,0
Kot Addu,PK,30.46907,70.96699,104217,0
Kot Radha Kishan,PK,31.17068,74.10126,102057,0
Kota,IN,25.18254,75.83907,1001694,0
Kota Bharu,MY,6.12361,102.24333,568900,0
Kota Damansara,MY,3.15454,101.58022,500000,0
Kota Kinabalu,MY,5.9749,116.0724,500421,0
Kota Kuala Muda,MY,5.58822,100.37085,544984,0
Koto,JP,32.77856,130.74537,543730,0
Kotri,PK,25.36566,68.30831,106615,0
Koudougou,BF,12.25188,-2.36694,160239,0
Koumassi,CI,5.29716,-3.96753,412282,0
Kousseri,CM,12.07689,15.03063,139024,0
Koutiala,ML,12.38723,-5.46507,218031,0
Kovpakivskyi,UA,50.92508,34.79484,142447,0
Kovrov,RU,56.35752,41.31893,154224,0
Kowloon,HK,22.31667,114.18333,2232339,0
Kowloon City,HK,22.33047,114.19222,418732,0
Kowloon City Centre,HK,22.32979,114.18889,194290,0
Kozhikode,IN,11.24802,75.7804,550440,0
Kragujevac,RS,44.01667,20.91667,147473,0
Krakow,PL,50.06143,19.93658,816614,0
Kralendijk,BQ,12.15,-68.26667,10620,1
Kramatorsk,UA,48.73106,37.56779,147145,0
Krasnodar,RU,45.04534,38.98178,899541,0
Krasnogvargeisky,RU,59.97305,30.47607,337091,0
Krasnoyarsk,RU,56.03742,92.93136,1090811,0
Krefeld,DE,51.33645,6.55381,237984,0
Kremenchuk,UA,49.06253,33.40484,224997,0
Kresek,ID,-6.13139,106.37972,110182,0
Kreuzberg,DE,52.49973,13.40338,153135,0
Krishnanagar,IN,23.40576,88.49073,145926,0
Kristiansand,NO,58.14671,7.9956,117237,0
Kroonstad,ZA,-27.65036,27.23488,117152,0
Kropyvnytskyi,UA,48.50834,32.26618,219676,0
Krugersdorp,ZA,-26.08577,27.77515,378821,0
Kryvyy Rih,UA,47.90572,33.39404,603904,0
Ksar El Kebir,MA,35.00044,-5.90378,138262,0
Kuala Krai,MY,5.5313,102.19925,105007,0
Kuala Kubu Baharu,MY,3.5638,101.6581,194387,0
Kuala Lumpur,MY,3.1412,101.68653,1453975,1
Kuala Terengganu,MY,5.3302,103.1408,426500,0
Kuantan,MY,3.8077,103.326,548014,0
Kuching,MY,1.55,110.33333,402738,0
Kuecuekcekmece,TR,40.99104,28.77123,792030,0
Kuetahya,TR,39.42417,29.98333,185008,0
Kufa,IQ,32.05114,44.44017,110000,0
Kukatpally,IN,17.48486,78.41376,341709,0
Kukichuo,JP,36.06739,139.67498,150582,0
Kulim,MY,5.36499,100.56177,170889,0
Kulob,TJ,37.91459,69.78454,214700,0
Kulti,IN,23.73166,86.84372,305405,0
Kumagaya,JP,36.13497,139.39004,195277,0
Kumamoto,JP,32.80589,130.69181,738907,0
Kumarapalayam,IN,11.44495,77.71102,195071,0
Kumasi,GH,6.68848,-1.62443,2544530,0
Kumba,CM,4.6363,9.4469,225046,0
Kumbakonam,IN,10.96209,79.39124,167155,0
Kumbo,CM,6.2,10.66667,125124,0
Kunduz,AF,36.72895,68.857,161902,0
Kuningan,ID,-6.97583,108.48306,111742,0
Kunming,CN,25.03889,102.71833,3855346,0
Kunri,PK,25.17874,69.56572,237063,0
Kunshan,CN,31.37762,120.95431,2092496,0
Kuntsevo,RU,55.74216,37.40225,147497,0
Kuopio,FI,62.89238,27.67703,125462,0
Kupang,ID,-10.17083,123.60694,474801,0
Kurashiki,JP,34.58333,133.76667,483576,0
Kure,JP,34.23222,132.56658,214592,0
Kurgan,RU,55.44905,65.34344,309285,0
Kurichchi,IN,10.96085,76.97379,123667,0
Kurnool,IN,15.82887,78.03602,460184,0
Kursk,RU,51.72689,36.18457,448733,0
Kurume,JP,33.31667,130.51667,303579,0
Kusatsu,JP,35.01667,135.96667,143913,0
Kushinagar,IN,26.74134,83.88689,274403,0
Kushiro,JP,42.975,144.37472,167875,0
Kushtia,BD,23.9028,89.11943,135724,0
Kutaisi,GE,42.26791,42.69459,135201,0
Kuwait City,KW,29.367,47.97429,60064,1
Kuwana,JP,35.05192,136.66958,140051,0
Kuz'minki,RU,55.7,37.8,143000,0
KwaDukuza,ZA,-29.32816,31.28954,161177,0
Kwai Chung,HK,22.36828,114.13877,331600,0
Kwekwe,ZW,-18.92809,29.81486,119863,0
Ky Anh,VN,18.06243,106.29832,150226,0
Kyaukpyu,MM,19.42793,93.55134,180000,0
Kyauktan,MM,16.63736,96.32512,132765,0
Kyengera,UG,0.29517,32.50159,285400,0
Kyimyindine,MM,16.80852,96.12415,111514,0
Kyiv,UA,50.45466,30.5238,2952301,1
Kyivskyi,UA,48.04646,37.77571,139177,0
Kyivskyi,UA,49.60902,34.52933,110600,0
Kyoto,JP,35.02107,135.75385,1463723,0
Kyzyl,RU,51.71108,94.43776,116983,0
Kyzylorda,KZ,44.85278,65.50917,354800,0
L'Hospitalet de Llobregat,ES,41.35967,2.10028,257038,0
La Ceiba,HN,15.75971,-86.78221,222055,0
La Ceiba,HN,15.76667,-86.83333,215973,0
La Cite-Limoilou,CA,46.82894,-71.22641,108415,0
La Concepcion,VE,10.61919,-71.83814,120478,0
La Gi,VN,10.65993,107.77206,160652,0
La Laguna,ES,28.4853,-16.32014,150661,0
La Paz,BO,-16.5,-68.15,2004652,0
La Paz,MX,24.14231,-110.31316,250141,0
La Pintana,CL,-33.58331,-70.63419,201178,0
La Plata,AR,-34.92126,-57.95442,195443,0
La Rioja,AR,-29.41328,-66.85637,178872,0
La Romana,DO,18.42332,-68.96635,208437,0
La Serena,CL,-29.90591,-71.25014,154521,0
La Trinidad,PH,16.455,120.5875,142925,0
La Vega,DO,19.22031,-70.53101,102426,0
La Victoria,VE,10.22677,-67.33122,126721,0
Laayoune,EH,27.1418,-13.18797,196331,0
Labe,GN,11.31823,-12.28332,107571,0
Labuan Bajo,ID,-8.4964,119.8877,188724,0
Ladysmith,ZA,-28.55874,29.77896,143446,0
Lafayette,US,30.22409,-92.01984,121374,0
Lafia,NG,8.4939,8.51532,127236,0
Lafiagi,NG,8.85299,5.41641,102779,0
Lagarto,BR,-10.91722,-37.65,101579,0
Lages,BR,-27.81611,-50.32611,164676,0
Laghouat,DZ,33.8,2.86514,134372,0
Lagos,NG,6.45407,3.39467,15388000,0
Lahad Datu,MY,5.02298,118.32897,105622,0
Lahan,NP,26.72022,86.48258,102955,0
Lahijan,IR,37.20416,50.00919,101073,0
Lahore,PK,31.558,74.35071,13004135,0
Lahti,FI,60.98267,25.66151,121622,0
Laibin,CN,23.74743,109.22222,910282,0
Laiwu,CN,36.19278,117.65694,989535,0
Laixi,CN,36.85917,120.52694,341470,0
Laiyang,CN,36.97583,120.71361,169594,0
Laizhou,CN,37.18073,119.94217,188000,0
Lajeado,BR,-23.53361,-46.40866,164391,0
Lak Si,TH,13.88724,100.5792,109770,0
Lakeland,US,28.03947,-81.9498,104401,0
Lakewood,US,39.70471,-105.08137,152597,0
Lakhimpur,IN,27.94822,80.77935,140223,0
Lal Bahadur Nagar,IN,17.34769,78.55757,261987,0
Lalitpur,IN,24.69007,78.41915,126475,0
Lambare,PY,-25.34682,-57.60647,126377,0
Lampa,CL,-33.2863,-70.87561,102234,0
Lampang,TH,18.29232,99.49277,156139,0
Lancaster,US,34.69804,-118.13674,161103,0
Lander,VE,10.18333,-66.7,176346,0
Lang Son,VN,21.85264,106.76101,200108,0
Lang'ata,KE,-1.3666,36.73324,172569,0
Langfang,CN,39.52079,116.71471,868066,0
Langley,CA,49.10107,-122.65883,132603,0
Langsa,ID,4.4683,97.9683,184016,0
Lansing,US,42.73253,-84.55553,112644,0
Lanus,AR,-34.70757,-58.39132,212252,0
Lanzhou,CN,36.05701,103.83987,3000000,0
Lao Cai,VN,22.48556,103.97066,130671,0
Laoag,PH,18.1978,120.5957,112117,0
Laohekou,CN,32.38583,111.66778,253112,0
Lapu-Lapu City,PH,10.31028,123.94944,497813,0
Larache,MA,35.19321,-6.15572,136505,0
Laredo,US,27.50641,-99.50754,256153,0
Larisa,GR,39.62847,22.42112,146926,0
Larkana,PK,27.55898,68.21204,364033,0
Las Cruces,US,32.31232,-106.77834,101643,0
Las Palmas de Gran Canaria,ES,28.10178,-15.41573,383516,0
Las Pinas,PH,14.45056,120.98278,615549,0
Las Tunas,CU,20.96135,-76.95192,203684,0
Las Vegas,US,36.17497,-115.13722,641903,0
Lashio,MM,22.9359,97.7498,131000,0
Lasnamaee,EE,59.4336,24.86017,115008,0
Lat Krabang,TH,13.72197,100.78473,163175,0
Lat Phrao,TH,13.80335,100.60696,122182,0
Latacunga,EC,-0.93424,-78.6152,205624,0
Latakia,SY,35.53125,35.79088,709000,0
Latina,ES,40.38897,-3.74569,256644,0
Latkrabang,TH,13.72784,100.74609,173987,0
Latur,IN,18.39721,76.56784,382940,0
Lauro de Freitas,BR,-12.89444,-38.32722,203331,0
Lausanne,CH,46.516,6.63282,139111,0
Laval,CA,45.56995,-73.692,438366,0
Lavras,BR,-21.24528,-44.99972,104761,0
Lawang,ID,-7.8353,112.6947,112540,0
Layyah,PK,30.96128,70.93904,151274,0
Le Havre,FR,49.49346,0.10785,185972,0
Le Mans,FR,48.0021,0.20251,144515,0
Le Plateau-Mont-Royal,CA,45.52833,-73.58081,105813,0
Le Vieux-Longueuil,CA,45.53721,-73.50773,135218,0
Lecheng,CN,25.128,113.35041,124268,0
Leeds,GB,53.79648,-1.54785,536280,0
Leeuwarden,NL,53.20271,5.80973,124481,0
Leganes,ES,40.32718,-3.7635,188425,0
Legaspi,PH,13.14125,123.74073,179481,0
Legnica,PL,51.21006,16.1619,106033,0
Leicester,GB,52.6386,-1.13169,368600,0
Leiden,NL,52.15833,4.49306,119713,0
Leipzig,DE,51.33962,12.37129,504971,0
Leiria,PT,39.74362,-8.80705,128640,0
Leiyang,CN,26.40238,112.85908,129116,0
Lekki,NG,6.44632,3.47717,401272,0
Lembang,ID,-6.81167,107.6175,183130,0
Lengshuijiang,CN,27.68806,111.42944,115399,0
Leninsk-Kuznetsky,RU,54.6567,86.1737,109023,0
Leogane,HT,18.5111,-72.63343,134190,0
Leon,ES,42.60003,-5.57032,124772,0
Leon,NI,12.43527,-86.87862,144538,0
Leon de los Aldama,MX,21.12183,-101.68253,1579803,0
Les Cayes,HT,18.19199,-73.74948,125799,0
Leshan,CN,29.56227,103.76386,662814,0
Lethbridge,CA,49.69999,-112.81856,103197,0
Leuven,BE,50.87959,4.70093,101032,0
Leverkusen,DE,51.0303,6.98432,162738,0
Levis,CA,46.80326,-71.17793,143414,0
Lewisville,US,33.04623,-96.99417,104039,0
Lexington,US,37.98869,-84.47772,320347,0
Lexington-Fayette,US,38.0498,-84.45855,314488,0
Lhasa,CN,29.65,91.1,118721,0
Lhoka,CN,29.24301,91.77239,353700,0
Lhokseumawe,ID,5.1801,97.1507,200876,0
Lianghu,CN,29.99152,120.89845,155000,0
Liangping,CN,30.66108,107.7661,137620,0
Lianhe,CN,47.13333,129.27426,121367,0
Lianjiang,CN,21.64673,110.28172,100341,0
Lianshan,CN,40.76432,120.85327,313247,0
Lianyungang,CN,34.59845,119.21556,2001009,0
Liaocheng,CN,36.45064,116.00247,1229768,0
Liaoyang,CN,41.27194,123.17306,687890,0
Liberec,CZ,50.76711,15.05619,102951,0
Libertad,PH,8.94417,125.50194,250353,0
Libreville,GA,0.39241,9.45356,846090,1
Licheng,CN,23.29549,113.82465,172775,0
Lichinga,MZ,-13.31278,35.24056,281341,0
Lichuan,CN,30.3,108.85,120587,0
Lida,BY,53.88333,25.29972,103916,0
Liege,BE,50.63373,5.56749,195278,0
Lijiang,CN,26.86879,100.22072,211151,0
Likasi,CD,-10.98303,26.7384,635768,0
Lille,FR,50.63391,3.05512,238695,0
Lilongwe,MW,-13.96692,33.78725,1115815,1
Lima,PE,-12.04318,-77.02824,7737002,1
Limassol,CY,34.68406,33.03794,154000,0
Limbe,CM,4.02356,9.20607,131381,0
Limeira,BR,-22.56472,-47.40167,291869,0
Limerick,IE,52.66472,-8.62306,102287,0
Limoges,FR,45.83362,1.24759,141176,0
Limuru,KE,-1.1136,36.64205,159314,0
Lincang,CN,23.87972,100.09455,323708,0
Lincoln,GB,53.22683,-0.53792,103813,0
Lincoln,US,40.8,-96.66696,294757,0
Linfen,CN,36.08889,111.51889,959198,0
Linhares,BR,-19.39111,-40.07222,166786,0
Linkoeping,SE,58.41086,15.62157,166673,0
Linqu,CN,36.51556,118.53972,299646,0
Linshui,CN,36.42472,114.20472,109955,0
Linxi,CN,39.71183,118.44954,100316,0
Linxia Chengguanzhen,CN,35.60028,103.20639,274466,0
Linyi,CN,35.06306,118.34278,2743843,0
Linz,AT,48.30639,14.28611,204846,0
Lipa City,PH,13.9411,121.1631,212287,0
Lipetsk,RU,52.5876,39.55151,509735,0
Lira,UG,2.2499,32.89985,119323,0
Lisala,CD,2.15127,21.51672,117464,0
Lisbon,PT,38.72509,-9.1498,517802,1
Lishui,CN,28.46042,119.91029,451418,0
Little Rock,US,34.74648,-92.28959,202591,0
Liupanshui,CN,26.59444,104.83333,1320825,0
Liuzhi,CN,26.2342,105.426,138826,0
Liuzhou,CN,24.32405,109.40698,1436599,0
Liverpool,GB,53.41058,-2.97794,496770,0
Livingstone,ZM,-17.84194,25.85425,178361,0
Livoberezhnyi,UA,47.1093,37.64306,122175,0
Livorno,IT,43.54427,10.32615,157017,0
Lizhi,CN,29.70317,107.39521,156753,0
Ljubljana,SI,46.05108,14.50513,272220,1
Lleida,ES,41.61674,0.62218,140797,0
Lo Prado,CL,-33.4443,-70.72552,104316,0
Loa Janan,ID,-0.58295,117.09503,212816,0
Lobito,AO,-12.3644,13.53601,393079,0
Lodhran,PK,29.5339,71.63244,144512,0
Lodz,PL,51.77058,19.47395,639890,0
Logan City,AU,-27.63917,153.10944,345098,0
Logrono,ES,42.46615,-2.45115,151164,0
Loja,EC,-3.99313,-79.20422,274112,0
Lomas de Zamora,AR,-34.7574,-58.40279,111897,0
Lome,TG,6.12874,1.22154,2188376,1
London,CA,42.98339,-81.23304,422324,0
London,GB,51.50853,-0.12574,8961989,1
Londrina,BR,-23.31028,-51.16278,588125,0
Long Beach,US,33.76696,-118.18923,474140,0
Long Bien,VN,21.03333,105.9,347829,0
Long Khanh,VN,10.92655,107.24783,171276,0
Long Xuyen,VN,10.38639,105.43518,286140,0
Longfeng,CN,46.53168,125.1038,152074,0
Longgang,CN,22.72289,114.26326,215273,0
Longjiang,CN,47.33601,123.196,106384,0
Longjing,CN,42.77131,129.42307,117185,0
Longling County,CN,24.58663,98.68934,270000,0
Longshan,CN,42.88545,125.1367,465249,0
Longshui,CN,29.56555,105.76205,121609,0
Longueuil,CA,45.5152,-73.46818,229330,0
Longyan,CN,25.07485,117.01775,1025087,0
Longyearbyen,SJ,78.22334,15.64689,2368,1
Loni,IN,28.75143,77.29023,516082,0
Los Angeles,CL,-37.46973,-72.35366,125430,0
Los Angeles,US,34.05223,-118.24368,3820914,0
Los Banos,PH,14.17025,121.24181,117030,0
Los Mochis,MX,25.79097,-108.99825,256613,0
Los Puertos de Altagracia,VE,10.71492,-71.52168,101527,0
Los Rastrojos,VE,10.02588,-69.24166,100497,0
Los Teques,VE,10.34954,-67.04266,252242,0
Loudi,CN,27.73444,111.99444,497171,0
Louga,SN,15.61867,-16.22436,113365,0
Louisville,US,38.25424,-85.75941,624444,0
Lowell,US,42.63342,-71.31617,110699,0
Lower Hutt,NZ,-41.21667,174.91667,114200,0
Lu'an,CN,31.73561,116.51688,1644344,0
Luancheng,CN,37.88452,114.64629,597130,0
Luanda,AO,-8.83682,13.23432,2776168,1
Luanshya,ZM,-13.13667,28.41661,193293,0
Lubango,AO,-14.91717,13.4925,600751,0
Lubbock,US,33.57786,-101.85517,249042,0
Lublin,PL,51.25058,22.57009,336339,0
Lubuklinggau,ID,-3.2945,102.8614,234166,0
Lubumbashi,CD,-11.66089,27.47938,2221925,0
Lucapa,AO,-8.41915,20.74466,110000,0
Lucena,PH,13.93139,121.61722,228758,0
Lucknow,IN,26.83928,80.92313,2472011,0
Ludhiana,IN,30.91204,75.85379,1618879,0
Ludwigshafen am Rhein,DE,49.48121,8.44641,163196,0
Luebeck,DE,53.86893,10.68729,212207,0
Lueliang,CN,37.5192,111.14436,3346500,0
Luena,AO,-11.78333,19.91667,273675,0
Lugazi,UG,0.36788,32.9376,128400,0
Luhansk,UA,48.56814,39.30553,397677,0
Luis Eduardo Magalhaes,BR,-12.09086,-45.78501,107909,0
Lumajang,ID,-8.1335,113.2248,123626,0
Luodian,CN,31.41556,121.33444,118323,0
Luohe,CN,33.57424,114.03261,1294974,0
Luohu District,CN,22.54721,114.13149,1143801,0
Luojiang,CN,31.30497,104.50484,212186,0
Luoyang,CN,34.67345,112.43684,1390581,0
Luoyang,CN,23.16244,114.27342,123144,0
Lusail,QA,25.4175,51.5075,198600,0
Lusaka,ZM,-15.40669,28.28713,2212301,1
Lushui,CN,25.8232,98.85853,197000,0
Luton,GB,51.87967,-0.41748,225262,0
Lutsk,UA,50.75784,25.35024,215986,0
Luxembourg,LU,49.60982,6.13268,76684,1
Luxor,EG,25.69893,32.6421,422407,0
Luzhou,CN,28.8903,105.42575,998900,0
Luziania,BR,-16.2525,-47.95028,209129,0
Lviv,UA,49.83826,24.02324,717273,0
Lyon,FR,45.74906,4.84789,520774,0
Lyon 03,FR,45.76124,4.85184,102725,0
Lyubertsy,RU,55.67719,37.89322,154650,0
Lyublino,RU,55.67738,37.76005,172000,0
M'Sila,DZ,35.70889,4.53722,132975,0
Ma On Shan,HK,22.40613,114.24079,215200,0
Ma'anshan,CN,31.68579,118.51008,741531,0
Maastricht,NL,50.84833,5.68889,122378,0
Maba,CN,24.68413,113.59839,113609,0
Mabalacat City,PH,15.22303,120.57117,188050,0
Mabopane,ZA,-25.509,28.064,110972,0
Macae,BR,-22.38484,-41.78324,143029,0
Macapa,BR,0.03889,-51.06639,512902,0
Macau,MO,22.20056,113.54611,649335,1
Maceio,BR,-9.66583,-35.73528,1031597,0
Machala,EC,-3.25886,-79.95876,289141,0
Macheng,CN,31.18013,115.02213,126366,0
Machida,JP,35.54028,139.45083,431079,0
Machilipatnam,IN,16.18747,81.13888,192827,0
Machiques,VE,10.06077,-72.55212,132734,0
Madanapalle,IN,13.5503,78.50288,180180,0
Madhavaram,IN,13.14819,80.2314,119105,0
Madhurampur Dehri,IN,24.96899,84.1964,137231,0
Madhyamgram,IN,22.68944,88.44594,161126,0
Madhyapur Thimi,NP,27.68056,85.3875,119955,0
Madinah,SA,24.46861,39.61417,1300000,0
Madinat Hamad,BH,26.11528,50.50694,133550,0
Madinat an Nasr,EG,30.06667,31.3,668413,0
Madison,US,43.07305,-89.40123,280305,0
Madiun,ID,-7.6298,111.5239,202544,0
Madrid,CO,4.73245,-74.26419,135000,0
Madrid,ES,40.4165,-3.70256,3255944,1
Madrid Centro,ES,40.41831,-3.70275,149718,0
Madurai,IN,9.919,78.11953,1465625,0
Maebashi,JP,36.4,139.08333,332149,0
Magangue,CO,9.24202,-74.75467,123982,0
Magdalena Contreras,MX,19.33212,-99.21118,238431,0
Magdeburg,DE,52.13129,11.63189,244329,0
Mage,BR,-22.65278,-43.04056,244092,0
Magelang,ID,-7.47056,110.21778,128709,0
Maghaghah,EG,28.64776,30.841,118223,0
Magnitogorsk,RU,53.39808,59.0066,413351,0
Magugpo Poblacion,PH,7.4475,125.8046,233254,0
Mahabad,IR,36.7631,45.7222,168393,0
Mahajanga,MG,-15.71667,46.31667,260556,0
Maharagama,LK,6.848,79.9265,195355,0
Mahbubnagar,IN,16.74385,77.98597,190400,0
Mahesana,IN,23.59864,72.38472,190753,0
Maheshtala,IN,22.50862,88.25322,448317,0
Mahilyow,BY,53.90876,30.34044,353110,0
Maianga,AO,-8.84693,13.23698,727681,0
Maicao,CO,11.37837,-72.2395,166603,0
Maidstone,GB,51.26667,0.51667,107627,0
Maiduguri,NG,11.84692,13.15712,1110000,0
Maijdi,BD,22.86667,91.1,132185,0
Mailsi,PK,29.80123,72.17398,125431,0
Mainz,DE,49.98185,8.28008,222889,0
Maipu,CL,-33.51421,-70.7651,503635,0
Mairipora,BR,-23.31861,-46.58667,101937,0
Majie,CN,25.0319,102.638,131696,0
Majuro,MH,7.08971,171.38027,25400,1
Makassar,ID,-5.14861,119.43194,1474393,0
Makati City,PH,14.55027,121.03269,510383,0
Makhachkala,RU,42.97782,47.50027,596356,0
Makiyivka,UA,48.04782,37.92576,338968,0
Makkah,SA,21.42664,39.82563,1578722,0
Makumbako,TZ,-8.85,34.83333,116232,0
Makurdi,NG,7.73375,8.52139,390000,0
Malabo,GQ,3.75578,8.78166,155963,0
Malabon,PH,14.67333,120.93972,365525,0
Malacca,MY,2.196,102.2405,579000,0
Malaga,ES,36.72016,-4.42034,592346,0
Malakal,SS,9.53342,31.66049,160765,0
Malambo,CO,10.85953,-74.77386,129148,0
Malang,ID,-7.9797,112.6304,889359,0
Malanje,AO,-9.54015,16.34096,455000,0
Malappuram,IN,11.04199,76.08154,101386,0
Malatia-Sebastia,AM,40.17396,44.4457,150500,0
Malatya,TR,38.35018,38.31667,750491,0
Malayer,IR,34.30158,48.82166,170237,0
Malda,IN,25.00447,88.14573,170039,0
Maldonado,UY,-34.89791,-54.95021,102000,0
Male,MV,4.17521,73.50916,103693,1
Malegaon,IN,20.54966,74.53462,481228,0
Maler Kotla,IN,30.5309,75.87949,135424,0
Malindi,KE,-3.21799,40.11692,119859,0
Malingao,PH,7.16083,124.475,1121974,0
Malir Cantonment,PK,24.94343,67.20591,300000,0
Malita,PH,6.415,125.61167,118438,0
Malkajgiri,IN,17.44781,78.52633,150000,0
Mallawi,EG,27.73264,30.84129,212628,0
Malmoe,SE,55.60587,13.00073,362133,0
Malolos,PH,14.8443,120.81039,269809,0
Maltepe,TR,40.93567,29.15507,427040,0
Mamoudzou,YT,-12.78234,45.22878,54831,1
Man,CI,7.41251,-7.55383,241969,0
Man'gyongdae-ri,KP,38.99182,125.65871,321690,0
Manacapuru,BR,-3.29972,-60.62056,110691,0
Manado,ID,1.48218,124.84892,458582,0
Managua,NI,12.13282,-86.2504,973087,1
Manama,BH,26.22787,50.58565,147074,1
Manas,KG,40.94498,72.99313,123239,0
Manaus,BR,-3.10194,-60.025,2219580,0
Manchester,GB,53.48095,-2.23743,568996,0
Manchester,US,42.99564,-71.45479,110229,0
Mandalay,MM,21.97473,96.08359,1208099,0
Mandaluyong,PH,14.57837,121.03522,425000,0
Mandaluyong City,PH,14.5832,121.0409,465902,0
Mandaqui,BR,-23.45947,-46.64086,103665,0
Mandaue City,PH,10.32361,123.92222,331320,0
Mandera,KE,3.93726,41.85688,114718,0
Mandi Bahauddin,PK,32.58704,73.49123,129733,0
Mandimba,MZ,-14.3525,35.65056,118922,0
Mandoli,IN,28.70275,77.30995,120417,0
Mandsaur,IN,24.07184,75.06986,141667,0
Mandurah,AU,-32.5269,115.7217,107643,0
Mandya,IN,12.5223,76.89746,137358,0
Maneah,GN,9.73333,-13.41667,194297,0
Manfalut,EG,27.3126,30.96987,117925,0
Mangalagiri,IN,16.43083,80.56815,107197,0
Mangaluru,IN,12.91723,74.85603,499487,0
Mango,IN,22.8275,86.21639,223805,0
Manhattan,US,40.78343,-73.96625,1487536,0
Manila,PH,14.6042,120.9822,1600000,1
Manisa,TR,38.61202,27.42647,243971,0
Manizales,CO,5.0668,-75.50684,434403,0
Manjhand,PK,25.90827,68.23683,140766,0
Mannheim,DE,49.4891,8.46694,307960,0
Manokwari,ID,-0.86291,134.06402,132300,0
Manolo Fortich,PH,8.36972,124.86444,118075,0
Manp'o,KP,41.15472,126.28944,116760,0
Mansa,ZM,-11.19976,28.89431,170965,0
Mansfield,GB,53.13333,-1.2,171958,0
Mansilingan,PH,10.63111,122.97889,454150,0
Manta,EC,-0.94937,-80.73137,264281,0
Mantampay,PH,8.16667,124.21667,265032,0
Mantilla,CU,23.06794,-82.34143,206918,0
Manukau City,NZ,-36.99282,174.87986,362000,0
Manzanillo,CU,20.3424,-77.11928,128188,0
Manzanillo,MX,19.11695,-104.34214,159853,0
Manzini,SZ,-26.49884,31.38004,110537,0
Maoming,CN,21.66625,110.91364,1307802,0
Maputo,MZ,-25.96553,32.58322,1254837,1
Mar del Plata,AR,-38.00042,-57.5562,593337,0
Mar'ino,RU,55.65,37.71667,243000,0
Maraba,BR,-5.38146,-49.13232,145860,0
Maracaibo,VE,10.64232,-71.61089,1752602,0
Maracanau,BR,-3.87667,-38.62556,234509,0
Maracay,VE,10.24972,-67.59475,464700,0
Maradi,NE,13.5,7.10174,361702,0
Maragheh,IR,37.39206,46.23909,262604,0
Maragheh,IR,35.82916,59.63324,262604,0
Maramag,PH,7.76333,125.00528,109864,0
Maran,MY,3.586,102.773,111056,0
Marand,IR,38.4329,45.7749,124191,0
Maranguape,BR,-3.89083,-38.68556,105093,0
Marawi City,PH,8.0034,124.28395,259993,0
Marbella,ES,36.51543,-4.88583,156295,0
Marcory,CI,5.31198,-3.99363,214061,0
Mardan,PK,34.19794,72.04965,300424,0
Mardin,TR,37.31309,40.74357,129864,0
Marg'ilon,UZ,40.47237,71.72463,253500,0
Marianao,CU,23.07387,-82.42969,134057,0
Mariara,VE,10.29532,-67.7177,116142,0
Marica,BR,-22.91944,-42.81861,211986,0
Mariehamn,AX,60.09726,19.93481,10682,1
Marienthal,DE,53.56667,10.08333,287101,0
Marigot,MF,18.06819,-63.08302,5700,1
Marikina City,PH,14.6481,121.1133,471323,0
Marilia,BR,-22.21389,-49.94583,240590,0
Maringa,BR,-23.42528,-51.93861,311724,0
Marituba,BR,-1.35528,-48.34194,111785,0
Mariupol,UA,47.09514,37.54131,230000,0
Marivan,IR,35.51829,46.18298,136654,0
Mariveles,PH,14.43385,120.48569,156200,0
Marka,SO,1.71594,44.77166,230100,0
Markham,CA,43.86682,-79.2663,338503,0
Marne La Vallee,FR,48.83584,2.64241,318325,0
Maroua,CM,10.59095,14.31593,314122,0
Marrakesh,MA,31.63416,-7.99994,995871,0
Marsa Matruh,EG,31.3529,27.23725,176498,0
Marseille,FR,43.29695,5.38107,877215,0
Martapura,ID,-3.4109,114.8642,131449,0
Marugame,JP,34.28333,133.78333,109513,0
Marvdasht,IR,29.87407,52.80258,148858,0
Mary,TM,37.59378,61.83031,167027,0
Maryvale,US,33.50199,-112.17765,208189,0
Marzahn,DE,52.54525,13.56983,111508,0
Masai,MY,1.4907,103.8788,141730,0
Masaka,UG,-0.33379,31.73409,116600,0
Masan,KR,35.12725,126.83149,434371,0
Masaya,NI,11.97316,-86.09587,130113,0
Mascara,DZ,35.39664,0.14027,108629,0
Maseru,LS,-29.31667,27.48333,359753,1
Mashhad,IR,36.29807,59.60567,2307177,0
Masina,CD,-4.38361,15.39139,485167,0
Masindi,UG,1.67444,31.715,110500,0
Masjed Soleyman,IR,31.9364,49.3039,100497,0
Mata-Utu,WF,-13.28163,-176.17453,1200,1
Matadi,CD,-5.83861,13.46306,425662,0
Matagalpa,NI,12.92795,-85.91906,109089,0
Matanzas,CU,23.04388,-81.58284,146733,0
Mataram,ID,-8.58333,116.11667,441147,0
Mataro,ES,41.54211,2.4445,126988,0
Mathura,IN,27.5035,77.67215,330511,0
Mati,PH,6.95508,126.21655,105908,0
Matola,MZ,-25.96222,32.45889,1198988,0
Matsubara,JP,34.56667,135.55,130855,0
Matsudo,JP,35.77995,139.90144,498575,0
Matsue,JP,35.48333,133.05,203616,0
Matsumoto,JP,36.23333,137.96667,241145,0
Matsusaka,JP,34.57895,136.53706,159145,0
Matsuto,JP,36.51667,136.56667,110408,0
Matsuyama,JP,33.83916,132.76574,511192,0
Matuga,KE,-4.168,39.57068,194252,0
Maturin,VE,9.74569,-63.18323,647459,0
Mau,IN,25.94167,83.56111,246050,0
Maua,BR,-23.66778,-46.46139,477552,0
Mawlamyine,MM,16.49051,97.62825,438861,0
Maxixe,MZ,-23.85972,35.34722,126408,0
Maykop,RU,44.60789,40.10242,141970,0
Mazabuka,ZM,-15.85601,27.748,104412,0
Mazar-e Sharif,AF,36.70904,67.11087,523300,0
Mazatlan,MX,23.22163,-106.41885,381583,0
Mazyr,BY,52.04162,29.21631,105152,0
Mbabane,SZ,-26.31667,31.13333,76218,1
Mbake,SN,14.79032,-15.90803,101451,0
Mbale,UG,1.08209,34.17503,111300,0
Mbandaka,CD,0.04865,18.26034,455011,0
Mbanza Kongo,AO,-6.26667,14.23833,148000,0
Mbanza-Ngungu,CD,-5.25837,14.85838,142773,0
Mbarara,UG,-0.60467,30.64851,221300,0
Mbeya,TZ,-8.9,33.45,541603,0
Mbombela,ZA,-25.47512,30.96935,110159,0
Mbour,SN,14.42196,-16.96375,284189,0
Mbuji-Mayi,CD,-6.13603,23.58979,2101332,0
McAllen,US,26.20341,-98.23001,140269,0
McKinney,US,33.19762,-96.61527,162898,0
Mdantsane,ZA,-32.93324,27.77656,205504,0
Meads,US,38.41258,-82.70905,288649,0
Medan,ID,3.58333,98.66667,2486283,0
Medea,DZ,36.26417,2.75393,145441,0
Medellin,CO,6.245,-75.57151,1999979,0
Medina Estates,GH,5.6658,-0.16307,101207,0
Medinipur,IN,22.42114,87.32257,153349,0
Meerut,IN,28.98002,77.70636,1223184,0
Meguro,JP,35.6322,139.70174,288088,0
Meiktila,MM,20.87776,95.85844,177442,0
Meishan,CN,30.04392,103.83696,1107742,0
Meizhou,CN,24.28859,116.11768,992351,0
Mejicanos,SV,13.72397,-89.188,160317,0
Mek'ele,ET,13.49667,39.47528,457900,0
Meknes,MA,33.89352,-5.54727,568295,0
Melbourne,AU,-37.814,144.96332,5435590,0
Melitopol,UA,46.84735,35.38196,148851,0
Memphis,US,35.14953,-90.04898,633104,0
Mendip,GB,51.2372,-2.6266,110000,0
Mendoza,AR,-32.88946,-68.84582,114893,0
Mengmao,CN,24.00139,97.86499,112578,0
Mengzi,CN,23.36779,103.38212,595100,0
Menongue,AO,-14.6585,17.69099,251178,0
Mentougou,CN,39.93819,116.09307,197772,0
Merauke,ID,-8.49958,140.40613,116864,0
Mercier-Hochelaga-Maisonneuve,CA,45.57194,-73.54626,142753,0
Merida,MX,20.967,-89.62318,1201000,0
Merida,VE,8.57899,-71.16922,300000,0
Merkezefendi,TR,37.80544,29.04236,280341,0
Merlo,AR,-34.66536,-58.72744,268961,0
Mersin,TR,36.81196,34.63886,537842,0
Mesa,US,33.42227,-111.82264,471825,0
Mesquite,US,32.7668,-96.59916,144788,0
Messina,IT,38.19394,15.55256,219948,0
Mestre,IT,45.49167,12.24538,147662,0
Metairie,US,29.98409,-90.15285,138481,0
Metairie Terrace,US,29.97854,-90.16396,142489,0
Metro,ID,-5.11306,105.30667,182293,0
Metz,FR,49.11911,6.17269,123914,0
Mexicali,MX,32.62781,-115.45446,1032686,0
Mexico City,MX,19.42847,-99.12766,12294193,1
Meycauayan,PH,14.73694,120.96083,228023,0
Mezhdurechensk,RU,53.68993,88.06221,101026,0
Miami,US,25.77427,-80.19366,487014,0
Miami Gardens,US,25.94204,-80.2456,113187,0
Mian Channun,PK,30.44067,72.35679,140112,0
Miandoab,IR,36.96667,46.10961,134425,0
Mianeh,IR,37.421,47.715,182848,0
Mianwali,PK,32.57756,71.52847,129500,0
Mianyang,CN,31.46784,104.68168,1550000,0
"Mianzhu, Deyang, Sichuan",CN,31.33786,104.22057,510000,0
Miass,RU,55.04552,60.10756,167500,0
Middelburg,ZA,-25.77507,29.46482,196263,0
Middlesbrough,GB,54.57623,-1.23483,142707,0
Midland,US,31.99735,-102.07791,132524,0
Midsayap,PH,7.19083,124.53028,117365,0
Miguel Hidalgo,MX,19.43411,-99.20024,372889,0
Milagro,EC,-2.13396,-79.59337,133508,0
Milan,IT,45.46427,9.18951,1371498,0
Milton,CA,43.51681,-79.88294,132979,0
Milton Keynes,GB,52.04172,-0.75583,256385,0
Milwaukee,US,43.0389,-87.90647,563531,0
Minamirinkan,JP,35.49527,139.44279,224015,0
Minatitlan,MX,18.00011,-94.5569,112046,0
Minato,JP,34.2152,135.1501,375339,0
Minato City,JP,35.6581,139.7515,260486,0
Mingachevir,AZ,40.76422,47.06227,106048,0
Mingala Tangnyunt,MM,16.78855,96.17234,132494,0
Mingaladon,MM,16.92406,96.09768,136000,0
Mingora,PK,34.7795,72.36265,361112,0
Mingshui,CN,36.71667,117.5,114858,0
Minhang,CN,31.10881,121.37471,2716600,0
Minna,NG,9.61524,6.54776,425000,0
Minneapolis,US,44.97997,-93.26384,410939,0
Minoh,JP,34.82691,135.47057,136868,0
Minsk,BY,53.90019,27.56653,1742124,1
Minya,EG,28.09193,30.75813,283605,0
Miraflores,PE,-12.11331,-77.03274,187401,0
Miramar,MX,22.36094,-97.89997,118614,0
Miramar,US,25.98731,-80.23227,137132,0
Miri,MY,4.39928,113.99163,300543,0
Mirpur Khas,PK,25.5276,69.01255,267833,0
Mirpur Model Thana,BD,23.80931,90.36093,546503,0
Miryalaguda,IN,16.8722,79.56247,104918,0
Mirzapur,IN,25.1449,82.56534,220029,0
"Misato, Saitama",JP,35.84373,139.88347,142145,0
Mishima,JP,35.11667,138.91667,107851,0
Miskolc,HU,48.10327,20.77806,154521,0
Misratah,LY,32.37535,15.09254,355657,0
Mississauga,CA,43.5789,-79.6583,717961,0
Mit Ghamr,EG,30.71524,31.2592,153754,0
Mito,JP,36.35,140.45,270685,0
Mitrovice,XK,42.88333,20.86667,107045,0
Mitte,DE,52.52003,13.40489,102338,0
Mityana,UG,0.4175,32.02278,105200,0
Mixco,GT,14.63077,-90.60711,465773,0
Miyakonojo,JP,31.73333,131.06667,161137,0
Miyazaki,JP,31.91667,131.41667,401339,0
Mlolongo,KE,-1.39639,36.94028,136351,0
Moanda,CD,-5.92753,12.37148,128804,0
Mobile,US,30.69436,-88.04305,183289,0
Mocuba,MZ,-16.8375,36.98556,196001,0
Modakeke,NG,7.38299,4.26031,119529,0
Model Town,PK,31.48104,74.32563,100000,0
Modena,IT,44.64783,10.92539,184732,0
Modesto,US,37.6391,-120.99688,211266,0
Moenchengladbach,DE,51.18539,6.44172,261742,0
Moeng Yang,MM,21.8478,99.67651,117108,0
Moers,DE,51.45342,6.6326,103487,0
Moga,IN,30.81383,75.16878,163397,0
Mogadishu,SO,2.03711,45.34375,2587183,1
Mogi Guacu,BR,-22.3677,-46.94552,153658,0
Mogi das Cruzes,BR,-23.52278,-46.18833,325746,0
Mohali,IN,30.67995,76.72211,166864,0
Mohammad Shahr,IR,35.763,50.9171,119418,0
Mohammadpur,BD,24.89843,88.52844,527571,0
Mohammedia,MA,33.68607,-7.38298,227799,0
Mojokerto,ID,-7.4664,112.4338,141785,0
Mokopane,ZA,-24.19436,29.00974,101090,0
Mokotow,PL,52.1934,21.03487,217683,0
Mokpo,KR,34.81282,126.39181,268402,0
Mombasa,KE,-4.05466,39.66359,1208333,0
Monaco,MC,43.73718,7.42145,32965,1
Moncloa-Aravaca,ES,40.43547,-3.7317,116531,0
Monclova,MX,26.90687,-101.42056,215271,0
Mong Cai,VN,21.52471,107.96619,108553,0
Mongu,ZM,-15.24835,23.12741,111450,0
Monrovia,LR,6.30054,-10.7969,1542549,1
Monteria,CO,8.75081,-75.87823,490935,0
Monterrey,MX,25.68435,-100.31721,1135512,0
Montes Claros,BR,-16.735,-43.86167,414240,0
Montevideo,UY,-34.90328,-56.18816,1270737,1
Montgomery,US,32.36681,-86.29997,195287,0
Montpellier,FR,43.61093,3.87635,248252,0
Montreal,CA,45.50884,-73.58781,1762949,0
Montreuil,FR,48.86415,2.44322,111240,0
Monywa,MM,22.10856,95.13583,182011,0
Monza,IT,45.58005,9.27246,124398,0
Mopti,ML,14.4843,-4.18296,186187,0
Moradabad,IN,28.83893,78.77684,721139,0
Moratalaz,ES,40.40742,-3.64935,104923,0
Moratuwa,LK,6.773,79.8816,168280,0
Morelia,MX,19.70078,-101.18443,743275,0
Morena,IN,26.49892,77.99534,200482,0
Moreno,AR,-34.63401,-58.79138,148290,0
Moreno Valley,US,33.93752,-117.23059,204198,0
Moriguchi,JP,34.73333,135.56667,143096,0
Morioka,JP,39.7,141.15,290700,0
Mormugao,IN,15.38914,73.81491,102345,0
Moro,PK,26.66317,68.00016,142685,0
Morogoro,TZ,-6.82102,37.66122,471409,0
Moroni,KM,-11.70216,43.25506,74749,1
Morvi,IN,22.81731,70.8377,210451,0
Moscow,RU,55.75204,37.61781,10381222,1
Moshi,TZ,-3.35,37.33333,221733,0
Mosquera,CO,4.70592,-74.23021,128012,0
Mossamedes,AO,-15.19611,12.15222,255000,0
Mossoro,BR,-5.1875,-37.34417,264577,0
Mostaganem,DZ,35.93115,0.08918,162885,0
Mostar,BA,43.34333,17.80806,104518,0
Mostoles,ES,40.32234,-3.86496,207095,0
Mosul,IQ,36.335,43.11889,1683000,0
Mothihari,IN,26.64862,84.91656,126158,0
Motijheel,BD,23.72772,90.41919,202308,0
Moundou,TD,8.57437,16.07722,196124,0
Mpanda,TZ,-6.34379,31.06951,204338,0
Mpumalanga,ZA,-29.81292,30.63646,140121,0
Mthatha,ZA,-31.58893,28.78443,164848,0
Mtwara,TZ,-10.26667,40.18333,140793,0
Mu-se,MM,23.99742,97.90109,165022,0
Muar,MY,2.0442,102.5689,314776,0
Mubende,UG,0.55849,31.39489,121600,0
Mubi,NG,10.26858,13.26701,225705,0
Mudanjiang,CN,44.54804,129.62594,665915,0
Mueang Nonthaburi,TH,13.86075,100.51477,254375,0
Muelheim,DE,51.43218,6.87967,173050,0
Muenster,DE,51.96236,7.62571,308258,0
Mufulira,ZM,-12.54982,28.24071,169136,0
Mukalla,YE,14.54248,49.12424,594951,0
Mukim Pulai,MY,1.53333,103.66667,505661,0
Mukono,UG,0.35333,32.75528,191300,0
Muktsar,IN,30.47426,74.5166,116747,0
Mulenvos,AO,-8.86695,13.3344,882014,0
Mulhouse,FR,47.75205,7.32866,111430,0
Multan,PK,30.19679,71.47824,2169915,0
Mulugu,IN,18.191,79.943,297671,0
Mumbai,IN,19.07283,72.88261,12691836,0
Munger,IN,25.37459,86.47455,213303,0
Munich,DE,48.13743,11.57549,1505005,0
Muntinlupa,PH,14.39028,121.0475,552225,0
Munuf,EG,30.46597,30.93199,125707,0
Muratpasa,TR,36.89157,30.76498,450000,0
Murcia,ES,37.98704,-1.13004,471982,0
Murfreesboro,US,35.84562,-86.39027,165430,0
Muriae,BR,-21.13056,-42.36639,104108,0
Muricay,PH,7.8275,123.4782,132094,0
Muridke,PK,31.80258,74.25772,254291,0
Murmansk,RU,68.96778,33.09922,295374,0
Murom,RU,55.56853,42.02388,126931,0
Murrieta,US,33.55391,-117.21392,109830,0
Murwara,IN,23.83776,80.39405,221883,0
Musaffah,AE,24.35893,54.48267,243341,0
Musanze,RW,-1.49984,29.63497,153368,0
Musashino,JP,35.70611,139.55944,150149,0
Muscat,OM,23.58413,58.40778,797000,1
Mushin,NG,6.52799,3.35411,199000,0
Musoma,TZ,-1.5,33.8,164172,0
Mustafabad,IN,28.71974,77.26781,127167,0
Mustafakemalpasa,TR,40.03815,28.40866,101412,0
Mutare,ZW,-18.9707,32.67086,224802,0
Muzaffarabad,PK,34.37002,73.47082,725000,0
Muzaffargarh,PK,30.07258,71.19379,235541,0
Muzaffarnagar,IN,29.47091,77.70332,349706,0
Muzaffarpur,IN,26.12259,85.39055,354462,0
Mwala,KE,-1.35255,37.45482,181896,0
Mwanza,TZ,-2.51667,32.9,1104521,0
Mwene,CD,-9.81697,22.87023,295683,0
Mwene-Ditu,CD,-7.00906,23.45278,189177,0
My Hao,VN,20.91667,106.08333,115608,0
My Tho,VN,10.36004,106.35996,270700,0
Myeik,MM,12.43954,98.60028,173298,0
Myingyan,MM,21.46002,95.3884,141713,0
Mykilska Borshchahivka,UA,50.42638,30.37442,127400,0
Mykolayiv,UA,46.97625,31.99296,470011,0
Mymensingh,BD,24.75636,90.40646,225126,0
Mysuru,IN,12.29791,76.63925,920550,0
Mytishchi,RU,55.91099,37.72964,160542,0
Mzuzu,MW,-11.46556,34.02071,249564,0
N'Djamena,TD,12.10672,15.0444,1359526,1
N'dalatando,AO,-9.29782,14.91162,161584,0
NIA Valencia,PH,7.90639,125.09417,223620,0
Nabatiye et Tahta,LB,33.37889,35.48389,120000,0
Naberezhnyye Chelny,RU,55.73718,52.41961,509870,0
Nablus,PS,32.22111,35.25444,130326,0
Nacala,MZ,-14.56257,40.68538,239808,0
Nada,CN,19.52134,109.57895,256652,0
Nadiad,IN,22.69385,72.86157,225071,0
Nador,MA,35.16813,-2.93352,176600,0
Naga,PH,13.61917,123.18139,174931,0
Naga,PH,10.20898,123.758,138727,0
Nagahama,JP,35.38333,136.26667,113636,0
Nagano,JP,36.65,138.18333,372760,0
Nagaoka,JP,37.45,138.85,266936,0
Nagaon,IN,26.35,92.66667,121628,0
Nagapattinam,IN,10.76377,79.84313,102905,0
Nagar Naluakot,BD,24.15608,90.7728,273000,0
Nagareyama,JP,35.8563,139.90266,200136,0
Nagarpur,BD,24.05783,89.87696,238422,0
Nagasaki,JP,32.75,129.88333,409118,0
Nagaur,IN,27.20201,73.73394,105218,0
Nagda,IN,23.45834,75.41759,103501,0
Nagercoil,IN,8.17899,77.43227,224849,0
Nagoya,JP,35.18147,136.90641,2332176,0
Nagpur,IN,21.14631,79.08491,2405665,0
Naha,JP,26.213,127.67851,317625,0
Nahiyat al Iskandariyah,IQ,32.8873,44.34619,100600,0
Naihati,IN,22.89396,88.41521,253221,0
Nairobi,KE,-1.28333,36.81667,4397073,1
Naivasha,KE,-0.71383,36.43261,198444,0
Najaf,IQ,32.02594,44.34625,482576,0
Najafabad,IR,32.63464,51.36525,235281,0
Najafgarh,IN,28.60922,76.97982,1365000,0
Najran,SA,17.49326,44.12766,505652,0
Nakano,JP,35.70449,139.66946,344880,0
Nakhodka,RU,42.8436,132.91831,146920,0
Nakhon Pathom,TH,13.8196,100.04427,117927,0
Nakhon Ratchasima,TH,14.97066,102.10196,126391,0
Nakhon Si Thammarat,TH,8.43333,99.96667,102152,0
Nakuru,KE,-0.30719,36.07225,570674,0
Nalchik,RU,43.49806,43.61889,239300,0
Nalgonda,IN,17.05439,79.26707,154326,0
Nam GJinh,VN,20.43389,106.17729,448225,0
Namangan,UZ,40.9983,71.67257,713220,0
Namp'o,KP,38.7375,125.40778,455000,0
Nampula,MZ,-15.11646,39.2666,770379,0
Namur,BE,50.4669,4.86746,110939,0
Nanbin,CN,29.9994,108.10913,118597,0
Nanchang,CN,28.68396,115.85306,2357839,0
Nanchong,CN,30.79508,106.08473,1858875,0
Nanchuan,CN,29.15201,107.10335,204775,0
Nancun,CN,36.53278,120.13389,124210,0
Nancy,FR,48.68439,6.18496,105058,0
Nanded,IN,19.16023,77.31497,550564,0
Nandurbar,IN,21.36671,74.24051,111037,0
Nandyal,IN,15.47799,78.4836,211424,0
Nangloi Jat,IN,28.67957,77.06799,205596,0
Nanjin,CN,29.98497,106.26529,143766,0
Nanjing,CN,32.06167,118.77778,9314685,0
Nankana Sahib,PK,31.4501,73.70653,130041,0
Nanning,CN,22.81667,108.31667,3839800,0
Nanpiao,CN,41.09822,120.74792,157044,0
Nanping,CN,26.645,118.17361,467875,0
Nanqiao,CN,30.91611,121.44944,361185,0
Nansana,UG,0.36389,32.52861,532800,0
Nantes,FR,47.21725,-1.55336,325070,0
Nantong,CN,32.03028,120.87472,2273326,0
Nantou,CN,22.72171,113.29261,130370,0
Nantou,TW,23.91566,120.66387,105682,0
Nanyang,CN,33.00524,112.54659,1811812,0
Naperville,US,41.78586,-88.14729,147100,0
Naples,IT,40.85216,14.26811,909048,0
Nara-shi,JP,34.68505,135.80485,367353,0
Narasaraopet,IN,16.23488,80.04927,117489,0
Narashino,JP,35.68184,140.04152,176197,0
Narayanganj,BD,23.61352,90.50298,223622,0
Narela,IN,28.85267,77.09288,800000,0
Narita,JP,35.78333,140.31667,132906,0
Narmadapuram,IN,22.74747,77.72736,117988,0
Narowal,PK,32.10197,74.87303,130692,0
Narsingdi,BD,23.92298,90.71768,281080,0
Nashik,IN,19.99727,73.79096,1486053,0
Nashville,US,36.16589,-86.78444,689447,0
Nasim Shahr,IR,35.56504,51.16332,200393,0
Nasimshahr,IR,35.56528,51.1583,200393,0
Nasiriyah,IQ,31.05799,46.25726,558400,0
Nassau,BS,25.05823,-77.34306,227940,1
Nasushiobara,JP,36.97682,140.06642,115794,0
Natal,BR,-5.795,-35.20944,896708,0
Natore,BD,24.41112,88.98673,369138,0
Naucalpan de Juarez,MX,19.47851,-99.23963,834434,0
Navadwip,IN,23.4067,88.36861,111123,0
Navegantes,AO,-12.58997,13.39123,240075,0
Navi Mumbai,IN,19.03681,73.01582,2600000,0
Navoiy,UZ,40.08444,65.37917,144158,0
Navojoa,MX,27.07057,-109.44345,113836,0
Navotas,PH,14.66667,120.95,249463,0
Navsari,IN,20.94237,72.92467,171109,0
Nawabganj,BD,24.59025,88.27444,142361,0
Nawabshah,PK,26.23939,68.40369,363138,0
Nay Pyi Taw,MM,19.745,96.12972,925000,1
Nazarabad,IR,35.95411,50.60607,213388,0
Nazilli,TR,37.91631,28.32225,119370,0
Nazran,RU,43.22597,44.77323,164131,0
Nazret,ET,8.55,39.26667,456900,0
Ndola,ZM,-12.95867,28.63659,627503,0
Neftekamsk,RU,56.08879,54.26383,126805,0
Nefteyugansk,RU,61.09979,72.60349,112632,0
Negara,ID,-8.35694,114.61694,100074,0
Negombo,LK,7.2083,79.8358,137223,0
Nehe,CN,48.4793,124.87016,108253,0
Neihu,TW,25.0815,121.58809,274538,0
Neijiang,CN,29.58354,105.06216,1251095,0
Neili,TW,24.9725,121.26139,112845,0
Neiva,CO,2.93001,-75.27973,357392,0
Nek'emte,ET,9.08333,36.55,156000,0
Nellore,IN,14.44992,79.98697,547621,0
Nepalgunj,NP,28.05,81.61667,166258,0
Nepean,CA,45.33619,-75.7225,180000,0
Netanya,IL,32.33291,34.85992,228204,0
Neue Neustadt,DE,52.15,11.63333,226851,0
Neukoelln,DE,52.47719,13.43126,164636,0
Neuquen,AR,-38.95078,-68.0592,231198,0
Neuss,DE,51.19807,6.68504,152457,0
Nevinnomyssk,RU,44.6333,41.9444,134345,0
New Bedford,US,41.63526,-70.92701,101079,0
New Cairo,EG,30.03,31.47,313139,0
New Delhi,IN,28.62137,77.2148,317797,1
New Haven,US,41.30815,-72.92816,130322,0
New Kingston,JM,18.00747,-76.78319,583958,0
New Mirpur City,PK,33.14782,73.75187,124352,0
New Orleans,US,29.95465,-90.07507,362701,0
New South Memphis,US,35.08676,-90.05676,641608,0
New Taipei City,TW,25.06199,121.45703,4004367,0
New Territories,HK,22.42441,114.11095,3984077,0
New York City,US,40.71427,-74.00597,8804190,0
Newark,US,40.73566,-74.17237,281944,0
Newcastle,AU,-32.92953,151.7801,508437,0
Newcastle,ZA,-27.75796,29.9318,404838,0
Newcastle under Lyme,GB,53,-2.23333,127727,0
Newcastle upon Tyne,GB,54.97328,-1.61396,300125,0
Newport,GB,51.58774,-2.99835,161506,0
Newport News,US,36.98038,-76.42975,186247,0
Newton,CA,49.13333,-122.85,159390,0
Neyagawa,JP,34.76615,135.62759,238549,0
Neyshabur,IR,36.21329,58.79575,220929,0
Neyveli,IN,11.60877,79.4994,179150,0
Nga Bay,VN,9.81371,105.82096,101192,0
Ngaoundere,CM,7.32765,13.58472,238196,0
Ngerulmud,PW,7.50077,134.6238,0,1
Nghi Son,VN,19.32746,105.82145,302210,0
Nghi Xuan,VN,18.658,105.752,118000,0
Ngong,KE,-1.3527,36.6699,102323,0
Nguru,NG,12.87695,10.45536,111014,0
Nha Trang,VN,12.24507,109.19432,579000,0
Niamey,NE,13.51366,2.1098,1323691,1
Nianbo,CN,36.48,102.41639,260184,0
Nice,FR,43.70313,7.26608,342669,0
Nicolas Romero,MX,19.64177,-99.3068,281799,0
Nicosia,CY,35.17284,33.35397,200452,1
Nigel,ZA,-26.43138,28.47713,140644,0
Niigata,JP,37.92259,139.04125,797591,0
Niihama,JP,33.96047,133.30522,123059,0
Niiza,JP,35.82088,139.55791,166017,0
Nijmegen,NL,51.8425,5.85278,177359,0
Nikopol,UA,47.56826,34.39126,105160,0
Nilopolis,BR,-22.8075,-43.41389,147281,0
Niluefer,TR,40.21401,28.91567,536365,0
Nimach,IN,24.45949,74.86625,128561,0
Nimes,FR,43.83665,4.35788,148236,0
Ning'er,CN,23.04053,101.03683,162711,0
Ningbo,CN,29.87819,121.54945,3731203,0
Ningde,CN,26.66167,119.52278,429260,0
Ninh Hoa,VN,12.49187,109.12495,230566,0
Nippes,DE,50.96545,6.95314,113487,0
Nis,RS,43.32472,21.90333,250000,0
Nishi-Tokyo-shi,JP,35.72526,139.5383,207388,0
Nishinomiya,JP,34.71562,135.33199,485587,0
Nishio,JP,34.86667,137.05,169984,0
Niteroi,BR,-22.88333,-43.10361,456456,0
Nizamabad,IN,18.67154,78.0988,311152,0
Nizhnekamsk,RU,55.63794,51.81502,234297,0
Nizhnevartovsk,RU,60.9344,76.5531,244937,0
Nizhniy Novgorod,RU,56.32867,44.00205,1259013,0
Nizhny Tagil,RU,57.91944,59.965,381116,0
Njeru,UG,0.44166,33.17917,178800,0
Nkayi,CG,-4.18396,13.2859,103000,0
Nkongsamba,CM,4.9547,9.9404,162309,0
Nkpor,NG,6.15038,6.83042,103733,0
Nnewi,NG,6.01962,6.91729,193987,0
Nobeoka,JP,32.58333,131.66667,119521,0
Noda,JP,35.94897,139.86793,154114,0
Nogales,MX,31.30862,-110.94217,264782,0
Noginsk,RU,55.86486,38.44853,115979,0
Noida,IN,28.58,77.33,293908,0
Nong Chok,TH,13.85585,100.86216,157138,0
Nong Khaem,TH,13.70594,100.34918,150218,0
Nor Nork,AM,40.19661,44.5669,137300,0
Norfolk,US,36.84681,-76.28522,238005,0
Norilsk,RU,69.3535,88.2027,140800,0
Norman,US,35.22257,-97.43948,128026,0
North Charleston,US,32.85462,-79.97481,108304,0
North Las Vegas,US,36.19886,-115.1175,234807,0
North Peoria,US,40.71754,-89.58426,113004,0
North Shore,NZ,-36.8,174.75,258697,0
North Stamford,US,41.13815,-73.54346,121230,0
Northampton,GB,52.25,-0.88333,245899,0
Norwalk,US,33.90224,-118.08173,107140,0
Norwich,GB,52.62783,1.29834,143135,0
Norzagaray,PH,14.9109,121.0493,140697,0
Nossa Senhora de Fatima,CN,22.20769,113.54831,126000,0
Nossa Senhora do Socorro,BR,-10.855,-37.12611,192330,0
Nottingham,GB,52.9536,-1.15047,323632,0
Nou Barris,ES,41.44163,2.17727,166310,0
Nouadhibou,MR,20.94188,-17.03842,146048,0
Nouakchott,MR,18.08581,-15.9785,1184530,1
Noumea,NC,-22.27407,166.44884,93060,1
Nova Friburgo,BR,-22.28194,-42.53111,191158,0
Nova Iguacu,BR,-22.75917,-43.45111,823302,0
Nova Lima,BR,-19.98556,-43.84667,111697,0
Nova Serrana,BR,-19.87611,-44.98361,105552,0
Nova Vida,AO,-8.90552,13.22213,464985,0
Novara,IT,45.44694,8.62118,101916,0
Novi Sad,RS,45.25167,19.83694,215400,0
Novo Gama,BR,-16.05917,-48.03944,103804,0
Novo Hamburgo,BR,-29.67833,-51.13056,253841,0
Novo-Peredelkino,RU,55.64528,37.33583,115536,0
Novocheboksarsk,RU,56.11095,47.47755,128468,0
Novocherkassk,RU,47.4222,40.09373,166974,0
Novokuybyshevsk,RU,53.09709,49.94001,111800,0
Novokuznetsk,RU,53.75752,87.13599,539616,0
Novomoskovsk,RU,54.01098,38.29084,130982,0
Novorossiysk,RU,44.73188,37.76176,241856,0
Novosibirsk,RU,55.02259,82.93175,1612833,0
Novotroitsk,RU,51.20099,58.31318,106186,0
Novozavodskyi,UA,51.4893,31.25634,179600,0
Novyye Cheremushki,RU,55.7,37.58333,101000,0
Novyye Kuz'minki,RU,55.7,37.75,143000,0
Nowrangapur,IN,19.23114,82.54826,1220946,0
Noyabrsk,RU,63.19309,75.43728,110000,0
Nsukka,NG,6.85783,7.39577,111017,0
Ntuzuma,ZA,-29.739,30.949,125394,0
Nuevo Laredo,MX,27.47629,-99.51639,416055,0
Nuku'alofa,TO,-21.13683,-175.20114,22400,1
Nukus,UZ,42.45861,59.60576,332500,0
Numazu,JP,35.1,138.86667,189486,0
Nunoa,CL,-33.44735,-70.58279,255823,0
Nuremberg,DE,49.45421,11.07752,515543,0
Nuuk,GL,64.18347,-51.72157,14798,1
Nyagatare,RW,-1.2952,30.3226,100000,0
Nyala,SD,12.04888,24.88069,565734,0
Nyingchi,CN,29.64885,94.35509,200000,0
Nyiregyhaza,HU,47.95539,21.71671,117689,0
Nyzhnodniprovsk,UA,48.47546,35.1167,160123,0
Nzega,TZ,-4.21667,33.18333,125193,0
Nzerekore,GN,7.75624,-8.8179,226426,0
O Mon,VN,10.10974,105.62318,129683,0
OErebro,SE,59.27412,15.2066,155989,0
Oakland,US,37.80437,-122.2708,419267,0
Oakville,CA,43.45011,-79.68292,213759,0
Oaxaca,MX,17.06025,-96.72544,255029,0
Obalende,NG,6.44694,3.41528,342000,0
Oberhausen,DE,51.47805,6.8625,219176,0
Obihiro,JP,42.91722,143.20444,166536,0
Obninsk,RU,55.10993,36.61238,107392,0
Obolon,UA,50.5132,30.5055,239500,0
Obuase,GH,6.20228,-1.66796,179604,0
Ocana,CO,8.23773,-73.35604,101158,0
Oceanside,US,33.19587,-117.37948,175691,0
Ochakovo-Matveyevskoye,RU,55.68432,37.44654,114000,0
Ocumare del Tuy,VE,10.1182,-66.77513,166072,0
Odawara,JP,35.25556,139.15972,188856,0
Odense,DK,55.39594,10.38831,180863,0
Odesa,UA,46.48572,30.74383,1010537,0
Odessa,US,31.84568,-102.36764,114428,0
Odintsovo,RU,55.66977,37.27716,137041,0
Offa,NG,8.14911,4.72074,113830,0
Offenbach,DE,50.10061,8.76647,119192,0
Ogaki,JP,35.35,136.61667,161539,0
Ogbomoso,NG,8.13373,4.24014,433030,0
Oita,JP,33.23333,131.6,477715,0
Ojo de Agua,MX,19.68028,-99.01,386290,0
Okara,PK,30.81029,73.45155,533693,0
Okayama,JP,34.65,133.93333,724691,0
Okazaki,JP,34.95,137.16667,384654,0
Okene,NG,7.55122,6.23589,479178,0
Okigwe,NG,5.82917,7.35056,115499,0
Okinawa,JP,26.33583,127.80139,142752,0
Oklahoma City,US,35.46756,-97.51643,681054,0
Okrika,NG,4.74215,7.08368,133271,0
Oktyabrsky,RU,54.48147,53.47103,108200,0
Olanchito,HN,15.48131,-86.57415,124286,0
Olathe,US,38.8814,-94.81913,134305,0
Oldenburg,DE,53.14039,8.21479,159218,0
Oldham,GB,53.54051,-2.1183,237110,0
Oleksandrivskyi,UA,47.96788,37.80335,100330,0
Oleksiyivka,UA,50.04516,36.19322,100500,0
Olinda,BR,-8.00889,-34.85528,366754,0
Olmaliq,UZ,40.84472,69.59833,133400,0
Olongapo,PH,14.82917,120.28278,221178,0
Olsztyn,PL,53.78376,20.49272,169793,0
Omaha,US,41.25626,-95.94043,486051,0
Omdurman,SD,15.64453,32.47773,1849659,0
Ome,JP,35.78389,139.24306,133535,0
Omsk,RU,54.99244,73.36859,1172070,0
Omuta,JP,33.03333,130.45,131974,0
Ondjiva,AO,-17.06667,15.73333,121537,0
Ondo,NG,7.09316,4.83528,375000,0
Ongata Rongai,KE,-1.3953,36.764,172569,0
Ongole,IN,15.50357,80.04454,208344,0
Onitsha,NG,6.14978,6.78569,1553000,0
Onojo,JP,33.53567,130.47861,102085,0
Onomichi,JP,34.41667,133.2,131170,0
Ontario,US,34.06334,-117.65089,171214,0
Ooty,IN,11.4134,76.69521,233426,0
Opole,PL,50.67119,17.92604,127676,0
Oradea,RO,47.0458,21.91833,183105,0
Orai,IN,25.99023,79.45334,158265,0
Oral,KZ,51.24601,51.42558,330000,0
Oran,DZ,35.69906,-0.63588,803329,0
Orange,US,33.78779,-117.85311,140992,0
Oranjestad,AW,12.52398,-70.02703,29998,1
Ordos,CN,39.6086,109.78157,1940653,0
Ordu,TR,40.97782,37.89047,229214,0
Orekhovo-Borisovo,RU,55.61252,37.72639,144000,0
Orekhovo-Borisovo Severnoye,RU,55.61667,37.68333,128000,0
Orekhovo-Zuyevo,RU,55.81242,38.99155,120000,0
Orel,RU,52.96879,36.0791,303696,0
Orenburg,RU,51.76712,55.09883,564773,0
Orihuela,ES,38.08483,-0.94401,101321,0
Orizaba,MX,18.85195,-97.09957,123182,0
Orkney,ZA,-26.98023,26.67272,110052,0
Orlando,US,28.53834,-81.37924,334854,0
Orleans,CA,45.45732,-75.50433,125937,0
Orleans,FR,47.90248,1.90407,116344,0
Ormoc,PH,11.00639,124.6075,238545,0
Orsha,BY,54.51362,30.40365,102759,0
Orsk,RU,51.23206,58.48802,246836,0
Orumiyeh,IR,37.55274,45.07605,577307,0
Oruro,BO,-17.97153,-67.0932,208684,0
Osaka,JP,34.69379,135.50107,2753862,0
Osaki,JP,38.58866,140.973,128763,0
Osan,KR,37.15222,127.07056,238788,0
Osasco,BR,-23.5325,-46.79167,728615,0
Osh,KG,40.52828,72.7985,322164,0
Oshawa,CA,43.90012,-78.84957,175383,0
Oshodi,NG,6.55504,3.34363,170870,0
Oshu,JP,39.13927,141.1685,112937,0
Oslo,NO,59.91273,10.74609,1082575,1
Osmaniye,TR,37.07417,36.24778,202837,0
Osnabrueck,DE,52.27264,8.0498,166462,0
Osogbo,NG,7.77104,4.55698,645000,0
Osorno,CL,-40.57395,-73.13348,135773,0
Ostrava,CZ,49.83465,18.28204,279791,0
Ota,JP,36.3,139.36667,224358,0
Ota,JP,35.56126,139.71605,748081,0
Ota,NG,6.68867,3.23202,251546,0
Otaru,JP,43.18944,141.00222,115333,0
Otsu,JP,35,135.86667,345070,0
Ottakring,AT,48.21667,16.3,104627,0
Ottawa,CA,45.41117,-75.69812,1017449,1
Ottawa South,CA,45.3921,-75.68725,125090,0
Ouagadougou,BF,12.36566,-1.53388,2415266,1
Ouahigouya,BF,13.5769,-2.41786,124587,0
Ouargla,DZ,31.94932,5.32502,169928,0
Oued Zem,MA,32.8627,-6.57359,104029,0
Oujda,MA,34.68139,-1.90858,539711,0
Oulu,FI,65.01236,25.46816,216066,0
Ourense,ES,42.33669,-7.86407,105233,0
Ourinhos,BR,-22.97889,-49.87056,103970,0
Overland Park,US,38.98223,-94.67079,186515,0
Oviedo,ES,43.36029,-5.84476,220027,0
Owerri,NG,5.48363,7.03325,545000,0
Owo,NG,7.1962,5.58681,276574,0
Oxford,GB,51.75222,-1.25596,162100,0
Oxnard,US,34.1975,-119.17705,207254,0
Oyama,JP,36.3,139.8,167647,0
Oyo,NG,7.85367,3.93235,736072,0
P'yongsong,KP,39.24639,125.87194,100000,0
Paarl,ZA,-33.73378,18.97523,236910,0
Pabna,BD,24.00644,89.2372,186781,0
Pachuca de Soto,MX,20.11697,-98.73329,256584,0
Paco do Lumiar,BR,-2.53222,-44.1075,145643,0
Padalarang,ID,-6.83778,107.47278,193114,0
Padang,ID,-0.94924,100.35427,942938,0
Padangsidempuan,ID,1.37952,99.27146,243843,0
Paderborn,DE,51.71905,8.75439,142161,0
Padua,IT,45.40797,11.88586,203725,0
Paech'on-up,KP,37.99306,126.30139,159825,0
Paek'ak,KP,39.46275,125.60594,125924,0
Pagadian,PH,7.8257,123.437,206483,0
Pago Pago,AS,-14.27806,-170.7025,11500,1
Pailou,CN,30.79641,108.3858,104351,0
Pak Kret,TH,13.91179,100.49774,190272,0
Pakdasht,IR,35.47854,51.6834,236319,0
Pakokku,MM,21.33489,95.08438,126938,0
Pakpattan,PK,30.34314,73.38944,126706,0
Palakkad,IN,10.77319,76.65366,132728,0
Palangkaraya,ID,-2.20833,113.91667,318247,0
Palanpur,IN,24.17128,72.43827,141592,0
Palembang,ID,-2.91673,104.7458,1801367,0
Palermo,IT,38.1166,13.3636,648260,0
Palhoca,BR,-27.64528,-48.66778,175272,0
Pali,IN,25.77276,73.32335,230075,0
Palikir,FM,6.92477,158.16109,6942,1
Pallabi,BD,23.825,90.37,597574,0
Pallavaram,IN,12.96796,80.15025,233984,0
Palm Bay,US,28.03446,-80.58866,119760,0
Palma,ES,39.56939,2.65024,438234,0
Palma Soriano,CU,20.21149,-75.99438,102826,0
Palmas,BR,-10.16745,-48.32766,306296,0
Palmdale,US,34.57943,-118.11646,158351,0
Palmira,CO,3.53944,-76.30361,312519,0
Palo Negro,VE,10.17389,-67.54194,128875,0
Palopo,ID,-2.9925,120.19694,184961,0
Paltan,BD,23.73625,90.41426,184492,0
Palu,ID,-0.90833,119.87083,389959,0
Palwal,IN,28.14469,77.32546,131926,0
Pamanukan,ID,-6.28417,107.81056,114290,0
Pamplona,ES,42.81687,-1.64323,208243,0
Pamulang,ID,-6.34278,106.73833,174557,0
Panabo,PH,7.30806,125.68417,211242,0
Panalanoy,PH,11.25111,125.00639,189090,0
Panama City,PA,8.9936,-79.51973,408168,1
Panchkula,IN,30.69461,76.8504,211355,0
Pandi,PH,14.865,120.95722,162725,0
Pandit Deen Dayal Upadhyaya Nagar,IN,25.28307,83.11968,109650,0
Pangkalanbuun,ID,-2.6832,111.6259,108814,0
Pangkalpinang,ID,-2.12914,106.11377,226297,0
Panguila,AO,-8.69335,13.44914,158068,0
Panihati,IN,22.69089,88.37404,378705,0
Panipat,IN,29.38747,76.96825,295970,0
Paniqui,PH,15.6689,120.5806,106190,0
Panjin,CN,41.121,122.0739,1166481,0
Pano Aqil,PK,27.85619,69.11111,102701,0
Panshan,CN,41.18806,122.04944,625040,0
Panvel,IN,18.98878,73.11013,195373,0
Panzhihua,CN,26.58509,101.71276,787177,0
Papeete,PF,-17.5347,-149.56843,26357,1
Par Naogaon,BD,24.80418,88.94875,192464,0
Paradise,US,36.09719,-115.14666,223167,0
Paragominas,BR,-2.99565,-47.35488,105550,0
Parakou,BJ,9.33716,2.63031,255478,0
Paramaribo,SR,5.86638,-55.16682,223757,1
Parana,AR,-31.73271,-60.52897,247139,0
Paranagua,BR,-25.51626,-48.52537,141013,0
Paranaque City,PH,14.48156,121.01749,703245,0
Parauapebas,BR,-6.0675,-49.90222,267836,0
Parbhani,IN,19.26855,76.77081,307170,0
Pardis,IR,35.74687,51.81222,114249,0
Pare,ID,-7.7679,112.198,106007,0
Parelheiros,BR,-23.8275,-46.72694,153695,0
Parepare,ID,-4.0135,119.6255,160309,0
Parintins,BR,-2.62833,-56.73583,101956,0
Paris,FR,48.85341,2.3488,2138551,1
Paris 11 Popincourt,FR,48.8574,2.3795,138170,0
Paris 11e Arrondissement,FR,48.85834,2.37952,144292,0
Paris 12 Reuilly,FR,48.8412,2.3876,138024,0
Paris 12e Arrondissement,FR,48.83523,2.43505,140311,0
Paris 13 Gobelins,FR,48.8322,2.3561,181271,0
Paris 13e Arrondissement,FR,48.8262,2.35986,177833,0
Paris 14 Observatoire,FR,48.8331,2.3264,136455,0
Paris 15 Vaugirard,FR,48.8412,2.3003,229713,0
Paris 16 Passy,FR,48.8637,2.2769,159386,0
Paris 17 Batignolles-Monceau,FR,48.8835,2.3219,159212,0
Paris 18 Buttes-Montmartre,FR,48.8925,2.3444,183127,0
Paris 19 Buttes-Chaumont,FR,48.8817,2.3822,178691,0
Paris 20 Menilmontant,FR,48.8646,2.3984,185140,0
Parla,ES,40.23604,-3.76752,115611,0
Parma,IT,44.79935,10.32618,198292,0
Parnaiba,BR,-2.90472,-41.77667,138008,0
Parnamirim,BR,-5.91556,-35.26278,267036,0
Parung,ID,-6.42139,106.73306,128905,0
Pasadena,US,29.69106,-95.2091,153784,0
Pasadena,US,34.14778,-118.14452,142250,0
Pasarkemis,ID,-6.17028,106.53028,263289,0
Pasay,PH,14.53748,121.00144,416522,0
Paseh,ID,-7.068,107.794,126181,0
Pasig City,PH,14.58691,121.0614,853050,0
Pasir Gudang,MY,1.462,103.9053,534659,0
Pasir Mas,MY,6.04934,102.13987,230424,0
Pasir Puteh,MY,5.83333,102.4,137400,0
Pasrur,PK,32.26286,74.66327,102717,0
Passo Fundo,BR,-28.26278,-52.40667,179529,0
Passos,BR,-20.71889,-46.60972,111939,0
Pasto,CO,1.21456,-77.27846,392930,0
Pasuruan,ID,-7.6453,112.9075,213469,0
Patan,IN,23.8507,72.12963,133737,0
Patan,NP,27.67658,85.31417,299283,0
Paterson,US,40.91677,-74.17181,147754,0
Pathankot,IN,32.27484,75.65287,174306,0
Pathein,MM,16.77919,94.73212,237089,0
Pati,ID,-6.7559,111.038,107028,0
Patiala,IN,30.33625,76.3922,446246,0
Patna,IN,25.59408,85.13563,1684297,0
Patos de Minas,BR,-18.57889,-46.51806,159235,0
Patra,GR,38.2462,21.73508,168034,0
Pattaya,TH,12.93333,100.88333,116417,0
Pattoki,PK,31.02021,73.85333,113735,0
Paulinia,BR,-22.76111,-47.15417,112003,0
Paulista,BR,-7.94083,-34.87306,342167,0
Paulo Afonso,BR,-9.40611,-38.21472,112870,0
Pavlodar,KZ,52.27601,76.96881,329002,0
Pavlohrad,UA,48.53214,35.86878,101430,0
Paya Terubong,MY,5.37278,100.27972,226712,0
Payakumbuh,ID,-0.2159,100.6334,139576,0
Pearland,US,29.56357,-95.28605,108821,0
Pechersk,UA,50.44441,30.52348,100900,0
Pecs,HU,46.07617,18.22814,145347,0
Pedreira,BR,-23.70675,-46.64982,163586,0
Peicheng,CN,34.73611,116.92472,195363,0
Pekalongan,ID,-6.8886,109.6753,324564,0
Pekanbaru,ID,0.51667,101.44167,1167599,0
Pelabuhanratu,ID,-6.9875,106.55139,109523,0
Pelentong,MY,1.5243,103.824,583640,0
Pelotas,BR,-31.76997,-52.34101,320674,0
Pemalang,ID,-6.89193,109.38263,184149,0
Pematangsiantar,ID,2.9595,99.0687,279198,0
Pemba,MZ,-12.97395,40.51775,232932,0
Pembroke Pines,US,26.00315,-80.22394,166611,0
Penalolen,CL,-33.46836,-70.53411,241599,0
Pengpu,CN,31.2855,121.4367,152725,0
Pengze,CN,29.89885,116.54572,350000,0
Penza,RU,53.19568,45.01075,523553,0
Peoria,US,40.69365,-89.58899,115070,0
Peoria,US,33.5806,-112.23738,190985,0
Perbaungan,ID,3.5679,98.956,157174,0
Percut,ID,3.6253,98.864,311063,0
Perdizes,BR,-23.53872,-46.68093,102391,0
Pereira,CO,4.81428,-75.69488,467269,0
Peristeri,GR,38.01539,23.69187,139981,0
Perling,MY,1.48061,103.68381,101263,0
Perm,RU,58.01046,56.25017,982419,0
Perpignan,FR,42.69764,2.89541,110706,0
Perth,AU,-31.95224,115.8614,2384371,0
Perugia,IT,43.1122,12.38878,120137,0
Pervouralsk,RU,56.90528,59.94361,133600,0
Pescara,IT,42.4584,14.20283,119554,0
Peshawar,PK,34.008,71.57849,4758762,0
Pest,HU,47.5,19.08333,1001748,0
Petah Tiqva,IL,32.08707,34.88747,253529,0
Petaling Jaya,MY,3.10726,101.60671,807879,0
Petapa,GT,14.50189,-90.56196,135447,0
Petare,VE,10.47679,-66.80786,364684,0
Peterborough,GB,52.57364,-0.24777,163379,0
Petionville,HT,18.5125,-72.28528,376834,0
Petrogradka,RU,59.96567,30.31154,130455,0
Petrolina,BR,-9.39861,-40.50083,386791,0
Petropavl,KZ,54.87343,69.15065,200920,0
Petropavlovsk-Kamchatsky,RU,53.06393,158.62751,181216,0
Petropolis,BR,-22.505,-43.17861,272691,0
Petrozavodsk,RU,61.78491,34.34691,279190,0
Petrzalka,SK,48.12331,17.12866,112380,0
Pforzheim,DE,48.88436,8.69892,119313,0
Phagwara,IN,31.22452,75.77387,100146,0
Phalaborwa,ZA,-23.94299,31.14107,109468,0
Phan Rang-Thap Cham,VN,11.56432,108.98858,207998,0
Phan Thiet,VN,10.92889,108.10208,228536,0
Phasi Charoen,TH,13.71466,100.43691,122070,0
Philadelphia,US,39.95238,-75.16362,1573916,0
Philipsburg,SX,18.026,-63.04582,1400,1
Phnom Penh,KH,11.56245,104.91601,1573544,1
Pho Yen,VN,21.41978,105.8899,231363,0
Phoenix,US,33.44838,-112.07404,1650070,0
Phong GJien,VN,16.58321,107.36438,114820,0
Phool Nagar,PK,31.2024,73.94857,114530,0
Phra Pradaeng,TH,13.65855,100.53362,196129,0
Phu Ly,VN,20.54531,105.91221,136654,0
Phu My,VN,10.63333,107.06667,287055,0
Phu Quoc,VN,10.22409,103.97156,294419,0
Phu Quoc,VN,10.28715,104.01047,179480,0
Phuc Yen,VN,21.23695,105.70483,180000,0
Phusro,IN,23.75644,86.0051,185555,0
Piacenza,IT,45.05242,9.69342,103607,0
Piatra Neamt,RO,46.91667,26.33333,102688,0
Piedecuesta,CO,6.98789,-73.04953,163362,0
Piedras Negras,MX,28.70007,-100.52353,150178,0
Pietermaritzburg,ZA,-29.61679,30.39278,839327,0
Pikine,SN,14.76457,-17.39071,1170791,0
Pilibhit,IN,28.63124,79.80436,131008,0
Pilsen,CZ,49.74747,13.37759,168733,0
Pimpri,IN,18.62292,73.80696,1284606,0
Pimpri-Chinchwad,IN,18.61867,73.80375,1727692,0
Pinar del Rio,CU,22.41649,-83.69657,186990,0
Pindamonhangaba,BR,-22.92389,-45.46167,165428,0
Pindi Bhattian,PK,31.89844,73.27339,493222,0
Pindiga,NG,9.98433,10.95229,106322,0
Pinetown,ZA,-29.82068,30.88674,144026,0
Pingdingshan,CN,33.73091,113.31554,979130,0
Pingdu,CN,36.78444,119.94639,542234,0
Pingliang,CN,35.53917,106.68611,504848,0
Pingshan,CN,22.99376,114.71311,113631,0
Pingwu County,CN,32.40732,104.52738,180000,0
Pingxiang,CN,27.61672,113.85353,893550,0
Pingxiang,CN,22.09694,106.75667,129843,0
Pinhais,BR,-25.44472,-49.1925,117000,0
Pinsk,BY,52.12153,26.06726,124295,0
Piracicaba,BR,-22.72528,-47.64917,407252,0
Piraeus,GR,37.94203,23.64619,163688,0
Piranshahr,IR,36.701,45.1413,168393,0
Piraquara,BR,-25.44227,-49.06795,118730,0
Pirituba,BR,-23.48982,-46.7322,179724,0
Pisa,IT,43.70853,10.4036,109960,0
Pita Kotte,LK,6.8905,79.9015,118179,0
Pitalito,CO,1.85371,-76.05071,135711,0
Pitesti,RO,44.85,24.86667,141275,0
Pithampur,IN,22.60197,75.69649,126200,0
Pittsburgh,US,40.44062,-79.99589,304391,0
Piura,PE,-5.18192,-80.65715,630000,0
Pizhou,CN,34.31139,117.95028,343421,0
Planaltina,BR,-15.45278,-47.61417,105031,0
Planaltina,BR,-15.61791,-47.64874,189412,0
Plano,US,33.01984,-96.69889,283558,0
Plano Piloto,BR,-15.79411,-47.8825,198697,0
Plaridel,PH,14.88722,120.85722,120939,0
Playa del Carmen,MX,20.6274,-87.07987,149923,0
Plaza de la Revolucion,CU,23.11936,-82.39197,139135,0
Pleiku,VN,13.98333,108,114225,0
Plock,PL,52.54682,19.70638,127474,0
Ploiesti,RO,44.95,26.01667,180540,0
Plovdiv,BG,42.15387,24.75001,329489,0
Plumbon,ID,-6.705,108.47278,167105,0
Plymouth,GB,50.37153,-4.14305,260203,0
Plymouth,MS,16.70555,-62.21292,0,1
Poa,BR,-23.52806,-46.34472,103765,0
Poblacion,PH,14.3787,121.025,124554,0
Pocos de Caldas,BR,-21.78778,-46.56139,168641,0
Podgorica,ME,42.44124,19.26309,236852,1
Podolsk,RU,55.42419,37.55472,179400,0
Pohang,KR,36.02917,129.36481,492041,0
Pointe-Noire,CG,-4.77609,11.86352,1032000,0
Pokhara,NP,28.26689,83.96851,600051,0
Polokwane,ZA,-23.90449,29.46885,272461,0
Poltava,UA,49.58925,34.55367,279593,0
Pomona,US,34.05529,-117.75228,153266,0
Pompano Beach,US,26.23786,-80.12477,107762,0
Ponce,PR,18.01031,-66.62398,137491,0
Ponnani,IN,10.76695,75.92523,105512,0
Ponta Grossa,BR,-25.095,-50.16194,292177,0
Pontianak,ID,-0.03194,109.325,686019,0
Poole,GB,50.71429,-1.98458,151500,0
Popayan,CO,2.43823,-76.61316,318059,0
Por do Sol,BR,-15.85502,-48.12433,101866,0
Porbandar,IN,21.64219,69.60929,152760,0
Porlamar,VE,10.95771,-63.86971,216234,0
Port Blair,IN,11.66613,92.74635,112050,0
Port Dickson,MY,2.52462,101.79651,119300,0
Port Harcourt,NG,4.77742,7.0134,2120000,0
Port Louis,MU,-20.16194,57.49889,155226,1
Port Moresby,PG,-9.47723,147.15089,283733,1
Port Said,EG,31.26531,32.3019,780515,0
Port Saint Lucie,US,27.29393,-80.35033,164603,0
Port Sudan,SD,19.61745,37.21644,489725,0
Port of Spain,TT,10.66668,-61.51889,49031,1
Port-Gentil,GA,-0.71933,8.78151,164018,0
Port-Vila,VU,-17.73648,168.31366,35901,1
Port-au-Prince,HT,18.54349,-72.33881,1234742,1
Port-aux-Francais,TF,-49.34916,70.21937,45,1
Port-de-Paix,HT,19.93984,-72.83037,306217,0
Portland,US,45.52345,-122.67621,652503,0
Portmore,JM,17.97102,-76.88691,102861,0
Porto,PT,41.1485,-8.61097,252687,0
Porto Alegre,BR,-30.03283,-51.23019,1488252,0
Porto Seguro,BR,-16.44972,-39.06472,168326,0
Porto Velho,BR,-8.76194,-63.90389,548952,0
Porto-Novo,BJ,6.49646,2.60359,264320,1
Portoviejo,EC,-1.05764,-80.45145,321800,0
Portsmouth,GB,50.79899,-1.09125,208100,0
Porz am Rhein,DE,50.88637,7.0583,113415,0
Posadas,AR,-27.39184,-55.92379,305874,0
Potchefstroom,ZA,-26.71667,27.1,178285,0
Potosi,BO,-19.58361,-65.75306,141251,0
Potsdam,DE,52.39886,13.06566,184754,0
Pouso Alegre,BR,-22.23,-45.93639,152217,0
Poza Rica de Hidalgo,MX,20.53315,-97.45946,185242,0
Poznan,PL,52.40692,16.92993,536151,0
Pozniaky,UA,50.40259,30.62352,104400,0
Prabumulih,ID,-3.43447,104.23056,103470,0
Praga Poludnie,PL,52.24424,21.08545,179836,0
Prague,CZ,50.08804,14.42076,1165581,1
Praia,CV,14.93152,-23.51254,137868,1
Praia Grande,BR,-24.00583,-46.40278,349935,0
Prato,IT,43.8805,11.09699,195089,0
Pravyi Bereh,UA,47.11498,37.58519,352088,0
Prayagraj,IN,25.44478,81.84322,1073438,0
Prenzlauer Berg Bezirk,DE,52.53878,13.42443,148878,0
Presidente Prudente,BR,-22.12556,-51.38889,225668,0
Presnenskiy,RU,55.75894,37.55816,122000,0
Preston,GB,53.76282,-2.70452,313332,0
Pretoria,ZA,-25.74486,28.18783,2112693,1
Pristina,XK,42.67272,21.16688,550000,1
Prizren,XK,42.21389,20.73972,171464,0
Probolinggo,ID,-7.7543,113.2159,243746,0
Proddatur,IN,14.7502,78.54813,177797,0
Prokop'yevsk,RU,53.91518,86.71891,219000,0
Providence,US,41.82399,-71.41283,190934,0
Provo,US,40.23384,-111.65853,115162,0
Pskov,RU,57.81922,28.33181,210501,0
Pu'er,CN,22.78863,100.97481,296565,0
Pucallpa,PE,-8.37915,-74.55387,326040,0
Puchong,MY,3,101.61667,375181,0
Pudong,CN,31.23995,121.50094,5681512,0
Puducherry,IN,11.93381,79.82979,657209,0
Pudukkottai,IN,10.38128,78.82141,117630,0
Puebla,MX,19.04778,-98.20723,1692181,0
Pueblo,US,38.25445,-104.60914,109412,0
Puente Alto,CL,-33.61169,-70.57577,568106,0
Puente de Vallecas,ES,40.39354,-3.662,244151,0
Puerto Ayacucho,VE,5.66049,-67.58343,125840,0
Puerto Barrios,GT,15.72724,-88.59787,100593,0
Puerto Cabello,VE,10.47306,-68.0125,174000,0
Puerto Cortez,HN,15.82562,-87.92968,142311,0
Puerto La Cruz,VE,10.21382,-64.6328,370000,0
Puerto Montt,CL,-41.4693,-72.94237,245902,0
Puerto Plata,DO,19.79344,-70.6884,146000,0
Puerto Princesa,PH,9.73917,118.73528,222673,0
Puerto Vallarta,MX,20.617,-105.23018,224166,0
Pulandian,CN,39.39528,121.96694,104277,0
Pulilan,PH,14.90167,120.84917,111384,0
Pulong Santa Cruz,PH,14.27324,121.07643,126844,0
Punasa,IN,22.23507,76.39335,350000,0
Pune,IN,18.51957,73.85535,3124458,0
Punggol,SG,1.41444,103.90694,204150,0
Puning,CN,23.31072,116.16869,874954,0
Puno,PE,-15.84003,-70.02198,128637,0
Punta Arenas,CL,-53.16282,-70.90922,117430,0
Punta Cana,DO,18.58182,-68.40431,100023,0
Punta Cardon,VE,11.65806,-70.215,113999,0
Punto Fijo,VE,11.69152,-70.19918,141729,0
Puqi,CN,29.71667,113.88333,132891,0
Puri,IN,19.79825,85.82494,200564,0
Purnia,IN,25.77895,87.47422,282248,0
Puruliya,IN,23.33062,86.36303,122533,0
Purwakarta,ID,-6.55694,107.44333,179233,0
Purwodadi,ID,-7.0868,110.9158,139387,0
Purwokerto,ID,-7.42139,109.23444,230235,0
Pushkino,RU,55.99456,37.82897,102816,0
Putatan,PH,14.39861,121.05028,102146,0
Puthia,BD,24.36537,88.83431,159406,0
Putian,CN,25.43944,119.01028,1539389,0
Putuo,CN,31.251,121.3897,1239100,0
Puxi,CN,31.24414,121.46592,6683712,0
Puyang,CN,29.45679,119.88872,3590000,0
Puyang,CN,35.75641,115.04363,655674,0
Puyang Chengguanzhen,CN,35.70622,115.0279,104994,0
Pyatigorsk,RU,44.05,43.05036,142865,0
Pyay,MM,18.81996,95.21562,135308,0
Pyeongtaek,KR,36.99472,127.08889,364694,0
Pyin Oo Lwin,MM,22.03501,96.45683,117303,0
Pyongyang,KP,39.03385,125.75432,3222000,1
Qa'em Shahr,IR,36.46306,52.86007,204953,0
Qadirpur Ran,PK,30.29184,71.67164,200000,0
Qal'at Sukkar,IQ,31.8632,46.07321,110000,0
Qalyub,EG,30.17922,31.2056,156363,0
Qarchak,IR,35.42873,51.57757,251834,0
Qarshi,UZ,38.86056,65.78905,278300,0
Qasr Bin Ghashir,LY,32.68333,13.18333,100069,0
Qazvin,IR,36.26877,50.0041,333635,0
Qeladize,IQ,36.18254,45.13017,140688,0
Qianjiang,CN,30.421,112.8919,179079,0
Qianjiang,CN,29.53284,108.77478,143727,0
Qiaotou,CN,36.935,101.67361,114712,0
Qibao,CN,31.15267,121.35688,283352,0
Qina,EG,26.16418,32.72671,252883,0
Qingdao,CN,36.06488,120.38042,7172451,0
Qingnian,CN,36.84092,115.71087,110046,0
Qingpu,CN,31.15394,121.11408,1271424,0
Qingyang,CN,35.70976,107.64455,2125400,0
Qingyuan,CN,23.7,113.03333,1738424,0
Qingzhou,CN,36.69667,118.47972,236406,0
Qinhuangdao,CN,39.94104,119.58936,759718,0
Qinzhou,CN,21.98247,108.65061,1296300,0
Qionghai,CN,19.2425,110.46417,528238,0
Qiqihar,CN,47.33922,123.96154,882364,0
Qitaihe,CN,45.768,130.9953,345033,0
Qo'qon,UZ,40.52861,70.9425,259700,0
Qods,IR,35.7214,51.109,309605,0
Qom,IR,34.6401,50.8764,900000,0
Quan Ba,VN,10.77494,106.68628,220375,0
Quan Bon,VN,10.76684,106.70574,199329,0
Quan GJuc Thinh,VN,10.30989,105.73855,132000,0
Quan Muoi,VN,10.76823,106.66632,399000,0
Quan Muoi Mot,VN,10.76383,106.64355,332536,0
Quan Nam,VN,10.75567,106.66745,187510,0
Quan Sau,VN,10.7468,106.64903,271050,0
Quang Ngai,VN,15.12047,108.79232,278496,0
Quanzhou,CN,24.91389,118.58583,1469157,0
Quarto Oggiaro,IT,45.51314,9.14343,182118,0
Quchan,IR,37.106,58.50955,111752,0
Quebec,CA,46.81228,-71.21454,531902,0
Queens,US,40.68149,-73.83652,2316841,0
Queenstown,ZA,-31.89756,26.87533,118599,0
Queenstown Estate,SG,1.29417,103.8025,101480,0
Queimados,BR,-22.71611,-43.55528,149093,0
Quelimane,MZ,-17.87861,36.88833,349842,0
Queluz,PT,38.75657,-9.25451,103399,0
Quetta,PK,30.18414,67.00141,1565546,0
Quetzaltenango,GT,14.84462,-91.52316,180706,0
Quevedo,EC,-1.02881,-79.46264,213842,0
Quezon,PH,7.73028,125.09889,114521,0
Quezon City,PH,14.6488,121.0509,3084270,0
Qui Nhon,VN,13.77648,109.22367,519208,0
Quibdo,CO,5.69188,-76.65835,129237,0
Quilicura,CL,-33.36799,-70.71388,210410,0
Quillacollo,BO,-17.39228,-66.27838,172405,0
Quilmes,AR,-34.72065,-58.25454,262379,0
Quilpue,CL,-33.04752,-71.44249,130263,0
Quito,EC,-0.22985,-78.52495,2781641,1
Qujing,CN,25.48333,103.78333,1408500,0
Qurayyat,SA,31.33176,37.34282,102903,0
Quthbullapur,IN,17.50107,78.45818,225816,0
Quzhou,CN,28.95944,118.86861,902767,0
Ra's Bayrut,LB,33.9,35.48333,1251739,0
Rabak,SD,13.18087,32.73999,135281,0
Rabat,MA,34.01325,-6.83255,1655753,1
Rach Gia,VN,10.01245,105.08091,459860,0
Radom,PL,51.40253,21.14714,226794,0
Raebareli,IN,26.2309,81.23315,186433,0
Rafah,PS,31.29722,34.24357,126305,0
Rafsanjan,IR,30.4067,55.9939,147680,0
Rahim Yar Khan,PK,28.41987,70.30345,517000,0
Raichur,IN,16.20546,77.35567,234073,0
Raiganj,IN,25.61281,88.12449,170252,0
Raigarh,IN,21.89764,83.3966,150019,0
Raipur,IN,21.23333,81.63333,1027264,0
Raj-Nandgaon,IN,21.09687,81.0289,163114,0
Raja Jang,PK,31.22078,74.25483,100000,0
Rajamahendravaram,IN,17.00517,81.77784,376333,0
Rajapalayam,IN,9.45296,77.55335,130442,0
Rajkot,IN,22.29161,70.79322,1390640,0
Rajpur Sonarpur,IN,22.4382,88.43205,424368,0
Rajshahi,BD,24.374,88.60114,763580,0
Raleigh,US,35.7721,-78.63861,482295,0
Ramadi,IQ,33.42056,43.30778,223500,0
Ramagundam,IN,18.755,79.474,242979,0
Ramat Gan,IL,32.08227,34.81065,170822,0
Ramenki,RU,55.7,37.5,130000,0
Ramgundam,IN,18.80084,79.45206,452261,0
Ramiros,AO,-9.06259,13.0456,323576,0
Ramna Maidan,BD,23.73333,90.4,143677,0
Rampur,IN,28.81014,79.02699,296418,0
Rancagua,CL,-34.1691,-70.74053,212695,0
Ranchi,IN,23.34316,85.3094,1120374,0
Rancho Cucamonga,US,34.1064,-117.59311,175236,0
Randburg,ZA,-26.0941,28.00123,337053,0
Randfontein,ZA,-26.1844,27.70203,133654,0
Ranebennur,IN,14.62239,75.62951,106406,0
Rangamati,BD,22.64317,92.19186,106069,0
Rangel,AO,-8.82644,13.26285,190569,0
Rangkasbitung,ID,-6.3591,106.2494,137041,0
Rangpur,BD,25.74664,89.25166,1031388,0
Raniganj,IN,23.6164,87.13061,131261,0
Raniganj,IN,17.42841,78.49361,217910,0
Ranipet,IN,12.92471,79.33331,264330,0
Rantauprapat,ID,2.1,99.83333,103009,0
Ranyah,IQ,36.25511,44.88239,114173,0
Raposo Tavares,BR,-23.59245,-46.78561,117738,0
Ras Al Khaimah,AE,25.78953,55.9432,351943,0
Rasapudipalem,IN,17.73308,83.31622,1728128,0
Rasht,IR,37.27611,49.58862,594590,0
Ratlam,IN,23.33033,75.04032,264914,0
Raurkela Industrial Township,IN,22.19994,84.86176,216410,0
Rawalpindi,PK,33.59733,73.0479,3357612,0
Rawang,MY,3.3213,101.5767,199095,0
Rawson,AR,-31.58189,-68.54211,130258,0
Rayon KTZ,UA,49.94349,36.36959,200000,0
Rayong,TH,12.68095,101.25798,106737,0
Reading,GB,51.45625,-0.97113,318014,0
Recanto das Emas,BR,-15.90864,-48.06447,115550,0
Recife,BR,-8.05389,-34.88111,1653461,0
Recklinghausen,DE,51.61379,7.19738,122438,0
Red Deer,CA,52.26682,-113.802,100844,0
Regensburg,DE,49.01513,12.10161,151389,0
Reggio Calabria,IT,38.11047,15.66129,182455,0
Reggio nell'Emilia,IT,44.69825,10.63125,171944,0
Regina,CA,50.45008,-104.6178,226404,0
Rehovot,IL,31.89421,34.81199,149392,0
Reims,FR,49.26526,4.02853,196565,0
Relizane,DZ,35.73734,0.55599,123255,0
Remscheid,DE,51.17983,7.1925,117118,0
Renala Khurd,PK,30.87878,73.59857,100054,0
Renca,CL,-33.4019,-70.70619,147151,0
Rengasdengklok,ID,-6.15917,107.29806,201463,0
Rennes,FR,48.11109,-1.67431,227830,0
Reno,US,39.52963,-119.8138,264165,0
Renton,US,47.48288,-122.21707,100242,0
Resende,BR,-22.46889,-44.44667,111514,0
Resistencia,AR,-27.46363,-58.98665,290793,0
Ressano Garcia,MZ,-25.44278,31.99528,110000,0
Retiro,ES,40.41317,-3.68307,126058,0
Reus,ES,41.15612,1.10687,103477,0
Reutlingen,DE,48.49144,9.20427,112627,0
Rewa,IN,24.53256,81.29234,235654,0
Rewari,IN,28.199,76.6183,143021,0
Reykjavik,IS,64.13548,-21.89541,118918,1
Reynosa,MX,26.08005,-98.28456,589466,0
Riacho Fundo II,BR,-15.8981,-48.04671,105210,0
Rialto,US,34.1064,-117.37032,103132,0
Ribeirao Pires,BR,-23.71056,-46.41333,115559,0
Ribeirao Preto,BR,-21.1775,-47.81028,711825,0
Ribeirao das Neves,BR,-19.76694,-44.08667,329794,0
Richards Bay,ZA,-28.78301,32.03768,252968,0
Richardson,US,32.94818,-96.72972,110815,0
Richmond,CA,49.17003,-123.13683,209937,0
Richmond,US,37.55376,-77.46026,226610,0
Richmond,US,37.93576,-122.34775,109708,0
Richmond Hill,CA,43.87111,-79.43725,202022,0
Riga,LV,56.946,24.10589,742572,1
Rijeka,HR,45.32673,14.44241,107964,0
Rimini,IT,44.05755,12.56528,148688,0
Rio Branco,BR,-9.97472,-67.81,419452,0
Rio Claro,BR,-22.41139,-47.56139,201418,0
Rio Cuarto,AR,-33.13044,-64.35272,157010,0
Rio Grande,BR,-32.035,-52.09861,187838,0
Rio Pequeno,BR,-23.57139,-46.75887,131631,0
Rio Verde,BR,-17.79806,-50.92806,225696,0
Rio das Ostras,BR,-22.52694,-41.945,168099,0
Rio de Janeiro,BR,-22.90642,-43.18223,6747815,0
Riobamba,EC,-1.66506,-78.65887,264048,0
Riohacha,CO,11.54444,-72.90722,188014,0
Rionegro,CO,6.15515,-75.37371,128153,0
Rishon LeTsiyyon,IL,31.97102,34.78939,258535,0
Rishra,IN,22.72394,88.34563,117014,0
Riverside,US,33.95335,-117.39616,317261,0
Riviere-des-Prairies-Pointe-aux-Trembles,CA,45.64064,-73.58463,113868,0
Rivne,UA,50.62036,26.23695,243873,0
Riyadh,SA,24.68773,46.72185,4205961,1
Rize,TR,41.02083,40.52194,119828,0
Rizhao,CN,35.41414,119.52908,661943,0
Road Town,VG,18.42693,-64.62079,8449,1
Roanoke,US,37.27097,-79.94143,100011,0
Robat Karim,IR,35.4846,51.0829,105393,0
Robertsonpet,IN,12.95629,78.27539,162230,0
Rochester,US,44.02163,-92.4699,112225,0
Rochester,US,43.15478,-77.61556,209802,0
Rockford,US,42.27113,-89.094,148278,0
Rodenkirchen,DE,50.89328,6.99481,110158,0
Rodriguez,PH,14.76011,121.19993,134432,0
Rohini,IN,28.74322,77.06778,860000,0
Rohtak,IN,28.89447,76.58917,374292,0
Rome,IT,41.89193,12.51133,2318895,1
Rondonopolis,BR,-16.47083,-54.63556,259167,0
Roodepoort,ZA,-26.1625,27.8725,326416,0
Roorkee,IN,29.86632,77.89118,103894,0
Rosario,AR,-32.94682,-60.63932,948312,0
Rosario,PH,13.6323,121.2207,128352,0
Rosarito,MX,32.36044,-117.04645,100660,0
Roseau,DM,15.30174,-61.38808,16571,1
Rosemont-La Petite-Patrie,CA,45.53661,-73.60686,146501,0
Rosetta,EG,31.39951,30.41718,301795,0
Roseville,US,38.75212,-121.28801,130269,0
Rostock,DE,54.0887,12.14049,198293,0
Rostov-on-Don,RU,47.21997,39.70769,1130305,0
Rotherham,GB,53.43012,-1.35678,117618,0
Rotterdam,NL,51.9225,4.47917,868135,0
Rouen,FR,49.44313,1.09932,116331,0
Rouiba,DZ,36.73829,3.28079,117558,0
Round Rock,US,30.50826,-97.6789,115997,0
Rourkela,IN,22.22496,84.86414,273317,0
Roxas City,PH,11.58528,122.75111,185236,0
Rubtsovsk,RU,51.51473,81.20613,161065,0
Ruda Slaska,PL,50.2584,18.85632,146189,0
Rudnyy,KZ,52.97244,63.11055,124000,0
Rudrapur,IN,28.98,79.4,154554,0
Rufisque,SN,14.71542,-17.27334,295459,0
Rufisque est,SN,14.7162,-17.27283,221066,0
Rugao,CN,32.37035,120.57649,257400,0
Rui'an,CN,27.77605,120.65859,927383,0
Ruiru,KE,-1.14665,36.96087,490120,0
Ruqi,SO,9.97293,43.4276,148702,0
Ruse,BG,43.84872,25.9534,121168,0
Russeifa,JO,32.01778,36.04639,268237,0
Rustaq,OM,23.39083,57.42444,120000,0
Rustavi,GE,41.56271,44.9787,128249,0
Rustenburg,ZA,-25.66756,27.24208,373695,0
Rutchenkivskyi,UA,47.97597,37.69677,168029,0
Ryazan',RU,54.62696,39.70415,538962,0
Ryazanskiy,RU,55.73333,37.76667,101000,0
Rybinsk,RU,58.04562,38.83811,216724,0
Rybnik,PL,50.09713,18.54179,142510,0
Rzeszow,PL,50.04132,21.99901,198317,0
Sa Dec,VN,10.29085,105.75635,214610,0
Saaba,BF,12.37136,-1.41468,136011,0
Saanich,CA,48.54964,-123.36931,117735,0
Saarbruecken,DE,49.23262,7.00982,182971,0
Sabadell,ES,41.54329,2.10942,211734,0
Sabah as Salim,KW,29.25722,48.05722,139163,0
Sabanalarga,CO,10.63072,-74.92214,102334,0
Sabara,BR,-19.88639,-43.80667,129380,0
Sabha,LY,27.03766,14.42832,149329,0
Sabt Alalayah,SA,19.5773,41.96357,100000,0
Sabya,SA,17.1495,42.62537,228375,0
Sabzevar,IR,36.2126,57.68191,243700,0
Sacaba,BO,-17.39799,-66.03825,180726,0
Sacoma,BR,-23.63083,-46.59817,261436,0
Sacramento,US,38.58157,-121.4944,524943,0
Saddiqabad,PK,28.3091,70.12652,274210,0
Sadr City,IQ,33.3889,44.4583,1211849,0
Safi,MA,32.29939,-9.23718,336883,0
Saga,JP,33.23333,130.3,233301,0
Sagamihara,JP,35.56707,139.24167,720780,0
Saguenay,CA,48.41675,-71.06573,148886,0
Saham,OM,24.17222,56.88861,140000,0
Saharanpur,IN,29.9679,77.54522,484873,0
Saharsa,IN,25.87498,86.59611,156540,0
Sahiwal,PK,31.97386,72.33109,538344,0
Sahiwal,PK,30.66595,73.10186,538344,0
Sai Mai,TH,13.92068,100.64552,188123,0
Saida,DZ,34.83033,0.15171,142497,0
Saidpur,BD,25.77769,88.89169,199422,0
Saijo,JP,33.91667,133.18333,104791,0
Saint George's,GD,12.05288,-61.75226,7500,1
Saint Helier,JE,49.18804,-2.10491,28000,1
Saint John's,AG,17.12096,-61.84329,51737,1
Saint Paul,US,44.94441,-93.09327,303176,0
Saint Peter Port,GG,49.45981,-2.53527,16488,1
Saint Peters,GB,51.36667,1.41667,125370,0
Saint Petersburg,RU,59.93863,30.31413,5351935,0
Saint-Denis,RE,-20.88231,55.4504,154765,1
Saint-Etienne,FR,45.43389,4.39,176280,0
Saint-Louis,SN,16.01793,-16.48962,254171,0
Saint-Louis-de-Terrebonne,CA,45.70198,-73.78669,119944,0
Saint-Marc,HT,19.11136,-72.70078,266642,0
Saint-Paul,RE,-21.00961,55.27134,105240,0
Saint-Pierre,PM,46.77914,-56.1773,6200,1
Saint-Quentin-en-Yvelines,FR,48.77186,2.01891,146598,0
Sainte-Foy,CA,46.78139,-71.29217,111300,0
Saipan,MP,15.21233,145.7545,48220,1
Saitama,JP,35.90807,139.65657,1324854,0
Sakado,JP,35.95694,139.38889,100275,0
Sakai,JP,34.58216,135.46653,826161,0
Sakakah,SA,29.96974,40.20641,128332,0
Sakata,JP,38.91667,139.855,100273,0
Saki,NG,8.66762,3.39393,178677,0
Sakiet ed Daier,TN,34.79435,10.80617,125204,0
Sakiet ez Zit,TN,34.80194,10.76361,100000,0
Sakura,JP,35.71667,140.23333,173740,0
Salalah,OM,17.01505,54.09237,163140,0
Salamanca,ES,40.96882,-5.66388,144825,0
Salamanca,ES,40.42972,-3.67975,147707,0
Salamanca,MX,20.56979,-101.1977,160682,0
Salaqi,CN,40.54139,110.51083,104090,0
Salatiga,ID,-7.33194,110.49278,198971,0
Salavat,RU,53.3828,55.91094,159893,0
Sale,MA,34.0531,-6.79846,972299,0
Sale Al Jadida,MA,33.99722,-6.74047,200000,0
Salem,IN,11.65376,78.15538,917414,0
Salem,US,44.9429,-123.0351,175535,0
Salerno,IT,40.67545,14.79328,125797,0
Salford,GB,53.48771,-2.29042,129794,0
Salihli,TR,38.48258,28.14774,119311,0
Salinas,US,36.67774,-121.6555,157380,0
Salt Lake City,US,40.76078,-111.89105,215548,0
Salta,AR,-24.80645,-65.41999,520683,0
Saltillo,MX,25.42595,-100.97963,709671,0
Saltivka,UA,50.02207,36.34901,409300,0
Salto,BR,-23.20083,-47.28694,119736,0
Salto,UY,-31.38811,-57.95983,114084,0
Salvador,BR,-12.97563,-38.49096,2711840,0
Salvaleon de Higueey,DO,18.61501,-68.70798,123787,0
Salzburg,AT,47.79941,13.04399,157245,0
Salzgitter,DE,52.15705,10.4154,104970,0
Sam Son,VN,19.73333,105.9,129801,0
Samalut,EG,28.31214,30.71007,142009,0
Samambaia,BR,-15.88231,-48.10428,218840,0
Samandag,TR,36.08012,35.97603,123447,0
Samara,RU,53.20767,50.13553,1163399,0
Samarinda,ID,-0.49167,117.14583,865306,0
Samarkand,UZ,39.65456,66.96445,595200,0
Samarra',IQ,34.1959,43.88568,158508,0
Samba,AO,-8.88001,13.19617,364986,0
Sambalpur,IN,21.46527,83.97573,189366,0
Sambhal,IN,28.58498,78.56959,196109,0
Sambizanga,AO,-8.78883,13.27506,177808,0
Sambrial,PK,32.47835,74.35338,119571,0
Sampit,ID,-2.5315,112.9496,166773,0
Samsun,TR,41.27976,36.3361,394050,0
Samut Prakan,TH,13.5976,100.5972,388920,0
San,ML,13.29701,-4.89627,103227,0
San Antonio,US,29.42412,-98.49363,1526656,0
San Bernardino,US,34.10834,-117.28977,216108,0
San Bernardo,CL,-33.59217,-70.6996,249858,0
San Blas-Canillejas,ES,40.43893,-3.61537,157367,0
San Carlos,VE,9.66415,-68.58659,120375,0
San Carlos del Zulia,VE,9.00098,-71.92683,126353,0
San Cristobal,DO,18.41713,-70.10682,154040,0
San Cristobal,VE,7.76593,-72.23576,289852,0
San Cristobal de las Casas,MX,16.73006,-92.63825,215874,0
San Diego,US,32.71571,-117.16472,1404452,0
San Felipe,VE,10.3401,-68.74297,206270,0
San Fernando,PH,15.03425,120.68445,251248,0
San Fernando de Apure,VE,7.88963,-67.47181,229197,0
San Francisco,US,37.77493,-122.41942,827526,0
San Francisco De Borja,PE,-12.08911,-76.99876,105076,0
San Francisco de Macoris,DO,19.29377,-70.25285,124763,0
San Jose,CR,9.93388,-84.08489,335007,1
San Jose,PH,12.35275,121.06761,143495,0
San Jose,US,37.33939,-121.89496,997368,0
San Jose del Cabo,MX,23.05406,-109.70367,136285,0
San Jose del Monte,PH,14.81389,121.04528,357828,0
San Juan,AR,-31.53726,-68.52568,109123,0
San Juan,PH,14.6,121.0333,134312,0
San Juan,PR,18.46633,-66.10572,418140,1
San Juan Sacatepequez,GT,14.71889,-90.64417,136886,0
San Juan de los Morros,VE,9.91246,-67.35398,160868,0
San Juan del Rio,MX,20.38897,-99.99637,138878,0
San Justo,AR,-34.68107,-58.56379,105274,0
San Lorenzo,PY,-25.33968,-57.50879,227876,0
San Luis,AR,-33.2914,-66.32467,169947,0
San Luis Potosi,MX,22.15234,-100.97135,722772,0
San Luis Rio Colorado,MX,32.4555,-114.77037,176685,0
San Marino,SM,43.93667,12.44639,4500,1
San Martin,PE,-5.18591,-80.66927,130000,0
San Martin Texmelucan de Labastida,MX,19.28431,-98.43885,155738,0
San Mateo,PH,14.6982,121.1236,134327,0
San Mateo,US,37.56299,-122.32553,103536,0
San Miguel,AR,-34.54335,-58.71229,168762,0
San Miguel,SV,13.48261,-88.18211,247126,0
San Miguel de Allende,MX,20.91528,-100.74389,174615,0
San Miguel de Tucuman,AR,-26.81601,-65.21051,548866,0
San Miguel del Padron,CU,23.09544,-82.32669,159273,0
San Miguelito,PA,9.05032,-79.47068,321501,0
San Nicolas de los Arroyos,AR,-33.33425,-60.2108,134217,0
San Nicolas de los Garza,MX,25.74167,-100.30222,412199,0
San Pablo,PH,14.0683,121.3256,300166,0
San Pablo de las Salinas,MX,19.66658,-99.09477,156191,0
San Pedro,PH,14.3595,121.0473,348968,0
San Pedro Garza Garcia,MX,25.66158,-100.4034,132128,0
San Pedro Sula,HN,15.50585,-88.02588,801259,0
San Pedro de Macoris,DO,18.4539,-69.30864,217899,0
San Pedro de la Paz,CL,-36.83897,-73.10028,121631,0
San Rafael,AR,-34.61531,-68.33238,118009,0
San Salvador,SV,13.68935,-89.18718,525990,1
San Salvador de Jujuy,AR,-24.1928,-65.29342,257970,0
San Sebastian,ES,43.31283,-1.97499,185357,0
San Tung Chung Hang,HK,22.27875,113.94307,116000,0
San-Pedro,CI,4.74851,-6.6363,390654,0
Sanaa,YE,15.35452,44.20646,1937451,1
Sanandaj,IR,35.31495,46.99883,349176,0
Sancaktepe,TR,41.00244,29.23187,489848,0
Sancti Spiritus,CU,21.93429,-79.4398,127069,0
Sandacho,JP,34.88444,135.22694,132858,0
Sandakan,MY,5.8402,118.1179,439050,0
Sandy Springs,US,33.92427,-84.37854,105330,0
Sangju,KR,36.41528,128.16056,101267,0
Sangla Hill,PK,31.71667,73.38333,103709,0
Sangli,IN,16.85438,74.56417,601214,0
Sanhe,CN,39.98049,117.06887,965075,0
Sanhe,CN,29.86864,107.73027,140954,0
Sanliurfa,TR,37.16708,38.79392,449549,0
Sanmenxia,CN,34.78081,111.19287,669307,0
Sanming,CN,26.24861,117.61861,602166,0
Sano,JP,36.31667,139.58333,117669,0
Sanshui,CN,23.15486,112.89161,153714,0
Sant Andreu,ES,41.43541,2.18982,142598,0
Sant Marti,ES,41.41814,2.19933,235719,0
Santa Ana,SV,13.98827,-89.55685,176661,0
Santa Ana,US,33.74557,-117.86783,310227,0
Santa Anita - Los Ficus,PE,-12.05048,-76.97335,184614,0
Santa Barbara d'Oeste,BR,-22.75361,-47.41361,188000,0
Santa Catarina,MX,25.67325,-100.45813,304052,0
Santa Clara,CU,22.40711,-79.96581,250512,0
Santa Clara,US,37.35411,-121.95524,126215,0
Santa Clarita,US,34.39166,-118.54259,182371,0
Santa Coloma de Gramenet,ES,41.45152,2.2081,118821,0
Santa Cruz,PH,14.6,120.98333,126735,0
Santa Cruz,PH,14.2814,121.4161,108145,0
Santa Cruz de Tenerife,ES,28.46824,-16.25462,211359,0
Santa Cruz de la Sierra,BO,-17.78629,-63.18117,1831434,0
Santa Cruz do Sul,BR,-29.7175,-52.42583,133230,0
Santa Fe,AR,-31.64881,-60.70868,391164,0
Santa Lucia Cotzumalguapa,GT,14.33505,-91.02339,112780,0
Santa Luzia,BR,-19.76972,-43.85139,219132,0
Santa Maria,BR,-29.68417,-53.80694,283677,0
Santa Maria,BR,-16.03095,-48.02929,116622,0
Santa Maria,US,34.95303,-120.43572,105093,0
Santa Marta,CO,11.23855,-74.19427,499192,0
Santa Rita,BR,-7.11389,-34.97806,149910,0
Santa Rosa,AR,-36.61617,-64.28991,102860,0
Santa Rosa,PH,14.31222,121.11139,216650,0
Santa Rosa,US,38.44047,-122.71443,178127,0
Santa Tecla,SV,13.67741,-89.28335,124694,0
Santa Teresa del Tuy,VE,10.23291,-66.66474,278890,0
Santana,BR,-0.03816,-51.17476,107618,0
Santana,BR,-23.49032,-46.6387,115689,0
Santana de Parnaiba,BR,-23.44417,-46.91778,154105,0
Santander,ES,43.46589,-3.80493,173635,0
Santarem,BR,-2.44306,-54.70833,189047,0
Santiago,CL,-33.45694,-70.64827,4837295,1
Santiago,PH,16.68808,121.5487,108414,0
Santiago de Cuba,CU,20.02287,-75.82171,555865,0
Santiago de Queretaro,MX,20.58806,-100.38806,1594212,0
Santiago de Surco,PE,-12.13588,-77.00742,251648,0
Santiago de los Caballeros,DO,19.45036,-70.69085,1200000,0
Santiago del Estero,AR,-27.80047,-64.26285,252192,0
Santo Andre,BR,-23.66389,-46.53833,662373,0
Santo Antonio,CN,22.20208,113.54394,129800,0
Santo Antonio de Jesus,BR,-12.96889,-39.26139,103055,0
Santo Domingo,DO,18.47186,-69.89232,2201941,1
Santo Domingo Este,DO,18.48511,-69.84757,700000,0
Santo Domingo Oeste,DO,18.5,-70,701269,0
Santo Domingo de los Colorados,EC,-0.25368,-79.17628,458580,0
Santol,PH,15.16222,120.5675,298976,0
Santos,BR,-23.96083,-46.33361,433656,0
Sants-Montjuic,ES,41.37263,2.1546,183120,0
Sanxia,TW,24.93448,121.37139,115185,0
Sanya,CN,18.25435,109.50947,1031396,0
Sao Bernardo do Campo,BR,-23.69389,-46.565,743372,0
Sao Caetano do Sul,BR,-23.62306,-46.55111,165655,0
Sao Carlos,BR,-22.0175,-47.89083,205035,0
Sao Goncalo do Amarante,BR,-5.79333,-35.32944,115838,0
Sao Joao de Meriti,BR,-22.80389,-43.37222,466536,0
Sao Jose,BR,-28.21344,-49.16383,200000,0
Sao Jose,BR,-27.61528,-48.6275,270299,0
Sao Jose de Ribamar,BR,-2.55572,-44.05992,244579,0
Sao Jose do Rio Preto,BR,-20.81972,-49.37944,480393,0
Sao Jose dos Campos,BR,-23.17944,-45.88694,729737,0
Sao Jose dos Pinhais,BR,-25.5302,-49.20836,329628,0
Sao Leopoldo,BR,-29.76028,-51.14722,209229,0
Sao Lourenco da Mata,BR,-8.00222,-35.01833,111249,0
Sao Lucas,BR,-23.59468,-46.54359,138038,0
Sao Luis,BR,-2.52972,-44.30278,917237,0
Sao Mateus,BR,-18.72011,-39.85891,123752,0
Sao Mateus,BR,-23.60583,-46.47889,155682,0
Sao Paulo,BR,-23.5475,-46.63611,12400232,0
Sao Pedro da Aldeia,BR,-22.83917,-42.10278,110556,0
Sao Rafael,BR,-23.62821,-46.45395,148145,0
Sao Tome,ST,0.33756,6.7299,53300,1
Sao Vicente,BR,-23.96306,-46.39194,329911,0
Sapele,NG,5.89405,5.67666,305000,0
Sapopemba,BR,-23.59556,-46.52472,266715,0
Sapporo,JP,43.06667,141.35,1973832,0
Sapucaia do Sul,BR,-29.81782,-51.14551,132107,0
Saqqez,IR,36.24992,46.2735,165258,0
Sarajevo,BA,43.84864,18.35644,696731,1
Sarandi,BR,-23.44361,-51.87389,118455,0
Saransk,RU,54.18485,45.17166,318841,0
Saratov,RU,51.54048,45.9901,844858,0
Sargodha,PK,32.08586,72.67418,975886,0
Sarh,TD,9.14555,18.38331,138928,0
Sari,IR,36.56332,53.06009,255396,0
Sariwon-si,KP,38.50722,125.75583,310100,0
Sarria-Sant Gervasi,ES,41.40104,2.1394,147912,0
Sasaram,IN,24.94942,84.01645,147408,0
Sasebo,JP,33.16834,129.72502,243223,0
Saskatoon,CA,52.13238,-106.66892,266141,0
Sasolburg,ZA,-26.81358,27.81695,135828,0
Satara,IN,17.68589,73.99333,120195,0
Satkhira,BD,22.70817,89.07185,128918,0
Satna,IN,24.57726,80.82719,282977,0
Satu Mare,RO,47.79926,22.86255,112490,0
Saugor,IN,23.83877,78.73874,274556,0
Saurimo,AO,-9.66078,20.39155,393000,0
Savannah,US,32.08354,-81.09983,147780,0
Savannakhet,LA,16.5703,104.7622,125760,0
Savar,BD,23.84858,90.25002,286008,0
Saveh,IR,35.0213,50.3566,220762,0
Sawai Madhopur,IN,26.02301,76.34408,121106,0
Sawangan,ID,-6.40278,106.77444,197170,0
Sayama,JP,35.85295,139.41212,160843,0
Schaerbeek,BE,50.86935,4.37737,132761,0
Schoeneberg,DE,52.49801,13.3443,122658,0
Scottsdale,US,33.50921,-111.89903,236839,0
Seattle,US,47.60621,-122.33207,780995,0
Sebeta,ET,8.91667,38.61667,102300,0
Sector 1,RO,44.49239,26.04831,225453,0
Sector 2,RO,44.4528,26.13321,290507,0
Sector 3,RO,44.4234,26.16874,385439,0
Sector 4,RO,44.37571,26.12085,287828,0
Sector 5,RO,44.38808,26.07144,271575,0
Sector 6,RO,44.43579,26.01649,367760,0
Secunderabad,IN,17.50427,78.54263,204182,0
Seeb,OM,23.67027,58.18911,470878,0
Segou,ML,13.44032,-6.25947,205787,0
Seguela,CI,7.96111,-6.67306,103980,0
Sehore,IN,23.2,77.08333,109118,0
Sejong,KR,36.59245,127.29223,394630,0
Sejoumi,TN,36.75583,10.11833,109672,0
Sekondi,GH,4.93422,-1.71454,285506,0
Sekondi-Takoradi,GH,4.92678,-1.75773,138872,0
Selayang Baru Utara,MY,3.2549,101.6668,542409,0
Semarang,ID,-6.99306,110.42083,1694740,0
Sembawang Estate,SG,1.45083,103.82861,110090,0
Semey,KZ,50.42064,80.25025,292780,0
Semnan,IR,35.57691,53.39205,124826,0
Senador Canedo,BR,-16.70806,-49.09306,118451,0
Sendai,JP,38.26667,140.86667,1096704,0
Sengerema,TZ,-2.66667,32.65,110000,0
Sengkang New Town,SG,1.39167,103.89444,267600,0
Sennar,SD,13.56907,33.56718,130122,0
Sentul,MY,3.18333,101.68333,100000,0
Seogwipo,KR,33.25333,126.56181,178552,0
Seongnam-si,KR,37.43861,127.13778,914832,0
Seoni,IN,22.08503,79.55037,102343,0
Seoul,KR,37.566,126.9784,10349312,1
Sepang,MY,2.6931,101.7498,212050,0
Sepatan,ID,-6.11889,106.575,118439,0
Serang,ID,-6.11528,106.15417,735651,0
Serangoon,SG,1.36278,103.8975,116900,0
Serangoon New Town,SG,1.35083,103.87083,116900,0
Serekunda,GM,13.43833,-16.67806,340000,0
Seremban,MY,2.7297,101.9381,372917,0
Sergeli,UZ,41.19833,69.22222,105700,0
Sergiyev Posad,RU,56.31204,38.13869,109252,0
Seri Kembangan,MY,3.03333,101.71667,130252,0
Seri Manjung,MY,4.1987,100.67,100000,0
Serilingampalle,IN,17.49313,78.30196,150525,0
Serpukhov,RU,54.9198,37.41618,128158,0
Serra,BR,-20.12861,-40.30778,520653,0
Sertaozinho,BR,-21.13778,-47.99028,126887,0
Set Ka Lay,MM,16.81435,96.11393,111514,0
Setagaya,JP,35.64188,139.64715,940071,0
Setapak,MY,3.207,101.727,353268,0
Sete Lagoas,BR,-19.46583,-44.24667,227397,0
Setia Alam,MY,3.10155,101.45565,150000,0
Setif,DZ,36.19112,5.41373,252127,0
Seto,JP,35.23333,137.1,127792,0
Settat,MA,33.00103,-7.61662,155333,0
Setubal,PT,38.5244,-8.8882,118166,0
Sevastopol,UA,44.60795,33.52134,547820,0
Severnyy,RU,55.93583,37.54889,200000,0
Severodvinsk,RU,64.55825,39.82971,194292,0
Seversk,RU,56.60056,84.88639,109844,0
Sevilla,ES,37.38283,-5.97317,686741,0
Sfax,TN,34.74056,10.76028,280566,0
Sha Tin,HK,22.38333,114.18333,495200,0
Shabqadar,PK,34.21599,71.5548,102340,0
Shache,CN,38.41667,77.24056,128145,0
Shagamu,NG,6.8485,3.64633,214558,0
Shah Alam,MY,3.08507,101.53281,740750,0
Shahdad Kot,PK,27.84726,67.90679,120687,0
Shahdadpur,PK,25.92539,68.6228,113342,0
Shahecheng,CN,36.93833,114.50583,125132,0
Shahin Shahr,IR,32.85788,51.5529,173329,0
Shahjanpur,IN,27.88165,79.90918,320434,0
Shahkot,PK,31.5709,73.48531,244868,0
Shahr-e Kord,IR,32.32612,50.8572,129153,0
Shahr-e Sadra,IR,29.79972,52.50215,122226,0
Shahrak-e Pardisan,IR,34.55734,50.80201,100000,0
Shahre Jadide Andisheh,IR,35.6803,51.0193,116062,0
Shahreza,IR,32.00877,51.86407,134952,0
Shahriar,IR,35.65884,51.05775,309607,0
Shahrisabz,UZ,39.05778,66.83417,142700,0
Shahrud,IR,36.41819,54.97628,165000,0
Shahuwadi,IN,16.90993,73.94654,180322,0
Shahzadpur,BD,24.17687,89.5988,102420,0
Shajing,CN,22.74628,113.81903,127089,0
Shakargarh,PK,32.26361,75.16008,126742,0
Shakhty,RU,47.71916,40.21603,221312,0
Sham Shui Po,HK,22.33023,114.15945,431090,0
Shanghai,CN,31.22222,121.45806,24874500,0
Shangluo,CN,33.86667,109.93056,531696,0
Shangqiu,CN,34.4143,115.65613,1859723,0
Shangrao,CN,28.45179,117.94287,1116486,0
Shangri-La,CN,27.82511,99.70779,186400,0
Shangyu,CN,30.01556,120.87111,770000,0
Shangzhi,CN,45.20562,128.00242,131006,0
Shanhaiguan,CN,40.00119,119.75395,140000,0
Shantipur,IN,23.24723,88.43302,149983,0
Shantou,CN,23.35489,116.67876,3838900,0
Shanwei,CN,22.78199,115.3475,491766,0
Shaoguan,CN,24.8,113.58333,1028460,0
Shaoshan,CN,27.91667,112.51667,118000,0
Shaowu,CN,27.34089,117.4831,112585,0
Shaoxing,CN,30.00237,120.57864,2300000,0
Shaoyang,CN,27.23818,111.46214,753194,0
Shaping,CN,22.77019,112.95776,107589,0
Sharjah,AE,25.3342,55.41221,1800000,0
Shashamane,ET,7.2,38.6,208400,0
Shchukino,RU,55.8,37.45,102000,0
Shchyolkovo,RU,55.92497,37.97218,113000,0
Sheepshead Bay,US,40.59122,-73.94458,122534,0
Sheffield,GB,53.38297,-1.4659,556500,0
Shekhupura,PK,31.71287,73.98556,591424,0
Shengavit,AM,40.1557,44.4779,140600,0
Shenglilu,CN,29.35048,105.8775,134218,0
Shenyang,CN,41.79222,123.43278,7050000,0
Shenzhen,CN,22.54554,114.0683,17494398,0
Sherbrooke,CA,45.40008,-71.89908,129447,0
Sherpur,BD,25.01881,90.01751,107419,0
Shevchenkivskyi,UA,50.46408,30.46576,220077,0
Shevchenko,UA,49.5645,34.53873,147600,0
Shibganj,BD,25.00146,89.32266,378701,0
Shibin al Kawm,EG,30.55258,31.00904,267945,0
Shibuya,JP,35.6589,139.70665,230609,0
Shihezi,CN,44.3023,86.03694,572772,0
Shijiazhuang,CN,38.04139,114.47861,3938513,0
Shijie,CN,23.09546,113.79195,246960,0
Shikarpur,PK,27.95558,68.63823,204938,0
Shillong,IN,25.56892,91.88313,143229,0
Shilong,CN,23.11444,113.84722,109733,0
Shimla,IN,31.10442,77.16662,173503,0
Shimonoseki,JP,33.95548,130.93713,265684,0
Shimotoda,JP,35.815,139.6853,140899,0
Shinagawa,JP,33.63627,133.00572,422488,0
Shinjuku,JP,35.69115,139.70854,349385,0
Shinyanga,TZ,-3.66393,33.42118,139727,0
Shiqi,CN,22.51682,113.38521,342306,0
Shiqiao,CN,22.9464,113.35769,135308,0
Shiraz,IR,29.61031,52.53113,1249942,0
Shivaji Nagar,IN,18.53017,73.85263,1000000,0
Shivamogga,IN,13.93157,75.56791,322650,0
Shivpuri,IN,25.42378,77.66223,179977,0
Shiyan,CN,32.6475,110.77806,3460000,0
Shizuishan,CN,38.98082,106.3892,739400,0
Shizuoka,JP,34.98333,138.38333,693389,0
Sholapur,IN,17.67152,75.91044,997281,0
Shomolu,NG,6.53891,3.3742,154390,0
Shouguang,CN,36.88,118.7375,473620,0
Shreveport,US,32.52515,-93.75018,187593,0
Shrirampur,IN,22.75278,88.34222,226317,0
Shuangcheng,CN,45.3798,126.30711,130710,0
Shuanglonghu,CN,29.71617,106.60684,128563,0
Shuangyashan,CN,46.67686,131.13273,600000,0
Shubra al Khaymah,EG,30.12511,31.25053,1240289,0
Shuifu,CN,28.63215,104.40783,102143,0
Shuizhai,CN,23.92961,115.76499,140493,0
Shujaabad,PK,29.88092,71.29344,151115,0
Shulin,TW,24.99085,121.42199,180044,0
Shunan,JP,34.08053,131.82564,149632,0
Shunyi,CN,40.12175,116.64783,117623,0
Shuozhou,CN,39.31583,112.4225,433700,0
Shushtar,IR,32.04972,48.84843,101878,0
Shyamnagar,IN,22.83333,88.36667,441956,0
Shymkent,KZ,42.30988,69.60042,1200000,0
Si Maha Phot,TH,13.96563,101.51352,100563,0
Si Racha,TH,13.17283,100.93159,178916,0
Sialkot,PK,32.49268,74.53134,911817,0
Sibiu,RO,45.8,24.15,134309,0
Sibu,MY,2.3,111.81667,198239,0
Sidi Bel Abbes,DZ,35.18994,-0.63085,210146,0
Sidi Slimane,MA,34.26479,-5.92598,101541,0
Sidoarjo,ID,-7.4478,112.7183,139189,0
Sidon,LB,33.55751,35.37148,163554,0
Siegen,DE,50.87481,8.02431,107242,0
Siem Reap,KH,13.36179,103.86056,139458,0
Siguatepeque,HN,14.59691,-87.83102,127468,0
Siguiri,GN,11.42282,-9.16852,148018,0
Siheungdong,KR,37.45177,126.91079,128142,0
Siirt,TR,37.9293,41.94134,114034,0
Sikar,IN,27.61206,75.13996,244497,0
Sikasso,ML,11.31755,-5.66654,349324,0
Silang,PH,14.21567,120.97137,119475,0
Silchar,IN,24.82733,92.79787,178865,0
Silifke,TR,36.37778,33.93444,132665,0
Siliguri,IN,26.71004,88.42851,515574,0
Silopi,TR,37.24379,42.46345,114645,0
Simele,IQ,36.85833,42.8501,152512,0
Simferopol,UA,44.95719,34.11079,336460,0
Simi Valley,US,34.26945,-118.78148,126788,0
Simmering,AT,48.18333,16.43333,101420,0
Simoes Filho,BR,-12.78444,-38.40389,114559,0
Sinah,IQ,36.80851,43.03935,128776,0
Sincelejo,CO,9.3045,-75.3905,277773,0
Sinch'on-up,KP,38.35323,125.48423,141407,0
Sinfra,CI,6.62103,-5.91144,245226,0
Singa,SD,13.1483,33.93117,250000,0
Singapore,SG,1.28967,103.85007,5638700,1
Singaraja,ID,-8.112,115.08818,133784,0
Singida,TZ,-4.81629,34.74358,232459,0
Singkawang,ID,0.90925,108.98463,253812,0
Singosari,ID,-7.8924,112.6658,182656,0
Singrauli,IN,24.19973,82.67535,220257,0
Sinjhoro,PK,26.03008,68.80867,354709,0
Sinnuris,EG,29.41345,30.86579,133532,0
Sinop,BR,-11.86417,-55.5025,216029,0
Sinp'o,KP,40.03971,128.1943,152759,0
Sinuiju,KP,40.10056,124.39806,288112,0
Sioux Falls,US,43.54369,-96.72796,171544,0
Siping,CN,43.16143,124.37785,555609,0
Siracusa,IT,37.07542,15.28664,121605,0
Sirajganj,BD,24.45771,89.70802,127481,0
Sirjan,IR,29.45137,55.6809,199704,0
Sirsa,IN,29.53489,75.02898,182534,0
Sirte,LY,31.20892,16.58866,106705,0
Sisli,TR,41.06046,28.98717,314684,0
Sitapur,IN,27.56192,80.68265,164435,0
Sitiawan,MY,4.2168,100.6996,156234,0
Sittwe,MM,20.14624,92.89835,177743,0
Situbondo,ID,-7.70623,114.00976,685967,0
Sivakasi,IN,9.44999,77.79797,234704,0
Sivas,TR,39.74833,37.01611,264022,0
Siverek,TR,37.75503,39.31667,175341,0
Siwan,IN,26.22096,84.35609,135066,0
Skardu,PK,35.29787,75.63372,260000,0
Skhidni Kvartaly,UA,48.56622,39.38256,102500,0
Skikda,DZ,36.87617,6.90921,182903,0
Skopje,MK,41.99646,21.43141,474889,1
Skudai,MY,1.53741,103.65779,159733,0
Slough,GB,51.50949,-0.59541,164793,0
Slovyansk,UA,48.84974,37.59739,105141,0
Smolensk,RU,54.77826,32.05088,330025,0
Smolyanskyi,UA,48.01435,37.73586,116779,0
Soacha,CO,4.57937,-74.21682,655025,0
Sobral,BR,-3.68611,-40.34972,203023,0
Soc Trang,VN,9.59995,105.97193,221430,0
Sochi,RU,43.59699,39.72477,327608,0
Sodo,ET,6.86,37.76159,204100,0
Soedermalm,SE,59.31278,18.07577,127323,0
Sofia,BG,42.69751,23.32415,1152556,1
Sogamoso,CO,5.71434,-72.93391,111336,0
Sohag,EG,26.55695,31.69478,266944,0
Sohar,OM,24.34745,56.70937,108274,0
Soka,JP,35.83643,139.79957,249645,0
Sokode,TG,8.98333,1.13333,117811,0
Sokoto,NG,13.06269,5.24322,1040000,0
Soledad,CO,10.91843,-74.76459,342556,0
Soledad de Graciano Sanchez,MX,22.18912,-100.93792,332072,0
Solihull,GB,52.41426,-1.78094,126577,0
Solikamsk,RU,59.66686,56.74267,100812,0
Solingen,DE,51.17343,7.0845,164359,0
Sollentuna,SE,59.42804,17.95093,139606,0
Solntsevo,RU,55.63711,37.38115,120000,0
Solwezi,ZM,-12.1688,26.38938,301370,0
Somaroboro,ZA,-25.34604,28.83431,114369,0
Somerset West,ZA,-34.08401,18.82113,225289,0
Son La,VN,21.3256,103.91882,106052,0
Son Tay,VN,21.14053,105.50686,230577,0
Sonargaon,BD,23.65,90.61667,130000,0
Songcheng,CN,26.88194,120.00111,165730,0
Songea,TZ,-10.68333,35.65,286285,0
Songjiang,CN,31.03443,121.22326,1973500,0
Songnan,CN,31.35043,121.48218,127347,0
Songnim-ni,KP,38.76349,125.64096,152425,0
Songyuan,CN,45.12902,124.82769,113611,0
Sonipat,IN,28.99478,77.01937,289333,0
Soreang,ID,-7.03306,107.51833,116780,0
Sorocaba,BR,-23.50167,-47.45806,687357,0
Sorong,ID,-0.87956,131.26104,219958,0
Sorriso,BR,-12.54528,-55.71139,120985,0
Sorsogon,PH,12.97389,123.99333,187670,0
Soshanguve,ZA,-25.47288,28.09919,872309,0
Sosnowiec,PL,50.28682,19.10385,227295,0
Soubre,CI,5.78377,-6.59388,131181,0
Souk Ahras,DZ,36.28639,7.95111,153479,0
Sousse,TN,35.82539,10.63699,221715,0
South Bend,US,41.68338,-86.25001,101516,0
South Boston,US,42.33343,-71.04949,571281,0
South Dublin,IE,53.29026,-6.34151,301075,0
South Fulton,US,33.59259,-84.67294,107436,0
South Tangerang,ID,-6.28862,106.71789,1429529,0
Southampton,GB,50.90395,-1.40428,269781,0
Southend-on-Sea,GB,51.53782,0.71433,295310,0
Soweto,ZA,-26.26781,27.85849,1695047,0
Soyapango,SV,13.71024,-89.13989,329708,0
Soyibug,IN,34.07677,74.7057,104000,0
Soyo,AO,-6.1349,12.36894,221555,0
Spanish Town,JM,17.99107,-76.95742,145018,0
Split,HR,43.50891,16.43915,149830,0
Spokane,US,47.65966,-117.42908,229447,0
Spring Valley,US,36.10803,-115.245,178395,0
Springfield,US,39.80172,-89.64371,114394,0
Springfield,US,37.21533,-93.29824,170188,0
Springfield,US,42.10148,-72.58981,154341,0
Springs,ZA,-26.25,28.4,186394,0
Sri Ganganagar,IN,29.92009,73.87496,237780,0
Sri Jayewardenepura Kotte,LK,6.88297,79.90708,115826,0
Srikakulam,IN,18.2989,83.89751,137944,0
Srinagar,IN,34.08565,74.80555,1206419,0
St Helens,GB,53.45,-2.73333,183200,0
St. Catharines,CA,43.17126,-79.24267,136803,0
St. John's,CA,47.56494,-52.70931,110525,0
St. Louis,US,38.62727,-90.19789,279695,0
St. Petersburg,US,27.77086,-82.67927,257083,0
Stamford,US,41.05343,-73.53873,128874,0
Standerton,ZA,-26.93366,29.24152,101101,0
Stanley,FK,-51.69382,-57.85701,2213,1
Stara Zagora,BG,42.43205,25.64262,121582,0
Staryy Oskol,RU,51.3025,37.84613,226977,0
Staten Island,US,40.56233,-74.13986,468730,0
Stavanger,NO,58.97005,5.73332,151669,0
Stavropol,RU,45.03442,41.9642,433931,0
Sterling Heights,US,42.58031,-83.0302,132052,0
Sterlitamak,RU,53.63793,55.9533,267231,0
Stockholm,SE,59.32938,18.06871,1515017,1
Stockport,GB,53.40979,-2.15761,139052,0
Stockton,US,37.9577,-121.29078,305658,0
Stoke-on-Trent,GB,53.00415,-2.18538,258366,0
Strasbourg,FR,48.58392,7.74553,274845,0
Strogino,RU,55.81838,37.41224,152000,0
Stuttgart,DE,48.78232,9.17702,612663,0
Suan Luang,TH,13.73028,100.65138,115658,0
Subang,ID,-6.57,107.75667,137234,0
Subang Jaya,MY,3.04384,101.58062,708296,0
Subotica,RS,46.1,19.66667,100000,0
Subulussalam,ID,2.662,97.8827,105553,0
Sucre,BO,-19.03332,-65.26274,224838,1
Suez,EG,29.97371,32.52627,699541,0
Suginami,JP,36.2013,140.28406,588354,0
Suicheng,CN,33.8963,117.93307,256665,0
Suihua,CN,46.64814,126.96656,252245,0
Suining,CN,30.50802,105.57332,656760,0
Suita,JP,34.76143,135.51567,385567,0
Suizhou,CN,31.71111,113.36306,618582,0
Sujangarh,IN,27.7,74.46667,183808,0
Sujiatun,CN,41.65917,123.33917,148113,0
Sukabumi,ID,-6.91806,106.92667,365735,0
Sukawati,ID,-8.4913,115.0459,125470,0
Sukkur,PK,27.70323,68.85889,563851,0
Sukrah,TN,36.87744,10.2468,159862,0
Sulaymaniyah,IQ,35.56496,45.4329,878146,0
Suleja,NG,9.18059,7.17939,162135,0
Sullana,PE,-4.90389,-80.68528,160789,0
Sultan Kudarat,PH,7.22889,124.25778,124965,0
Sultan Pur Majra,IN,28.68966,77.07648,181554,0
Sultanah,SA,24.49258,39.58572,946697,0
Sultanbeyli,TR,40.96072,29.27067,358201,0
Sultangazi,TR,41.10652,28.86847,436935,0
Sultanpur,IN,26.25788,82.07269,110368,0
Sumare,BR,-22.82194,-47.26694,286211,0
Sumayl,IQ,36.85823,42.8482,152512,0
Sumbawanga,TZ,-7.96667,31.61667,303986,0
Sumbe,AO,-11.20605,13.84371,205832,0
Sumedang,ID,-6.85861,107.91639,200000,0
Sumedang Utara,ID,-6.85,107.91667,100000,0
Sumgayit,AZ,40.58972,49.66861,427000,0
Sumida,JP,35.73289,139.82085,287766,0
Sumy,UA,50.91741,34.79906,256474,0
Sunch'on,KP,39.43167,125.93278,437000,0
Suncheon,KR,34.9505,127.48784,276375,0
Sunderland,GB,54.90465,-1.38222,170134,0
Sungai Buloh,MY,3.21,101.561,222858,0
Sungai Penuh,ID,-2.0561,101.3913,102224,0
Sungai Petani,MY,5.647,100.48772,544851,0
Sungailiat,ID,-1.85442,106.12215,100750,0
Sunggal,ID,3.5765,98.6151,157914,0
Sunnyvale,US,37.36883,-122.03635,155805,0
Sunrise Manor,US,36.21108,-115.07306,189372,0
Sunset Park,US,40.64548,-74.01241,126000,0
Sunshine Coast,AU,-26.65682,153.07955,398840,0
Suqian,CN,33.94917,118.29583,1437685,0
Surabaya,ID,-7.24917,112.75083,3018022,0
Surakarta,ID,-7.55611,110.83167,526870,0
Surat,IN,21.19594,72.83023,4591246,0
Surat Thani,TH,9.14011,99.33311,132040,0
Surendranagar,IN,22.72706,71.64856,179628,0
Surgut,RU,61.25757,73.41775,300367,0
Suriapet,IN,17.14054,79.62045,111729,0
Surprise,US,33.63059,-112.33322,143148,0
Surrey,CA,49.10635,-122.82509,568322,0
Suruc,TR,36.97612,38.42533,101178,0
Surulere,NG,6.50153,3.35808,191920,0
Sutton,GB,51.35,-0.2,187600,0
Sutton Coldfield,GB,52.56667,-1.81667,109899,0
Suva,FJ,-18.13683,178.42531,77366,1
Suwaylih,JO,32.0221,35.84394,151016,0
Suwon,KR,37.29111,127.00889,1234582,0
Suzano,BR,-23.5425,-46.31083,307429,0
Suzhou,CN,33.63611,116.97889,1647642,0
Suzhou,CN,31.30408,120.59538,6715559,0
Suzuka,JP,34.88333,136.58333,195670,0
Swansea,GB,51.62079,-3.94323,300352,0
Swindon,GB,51.55797,-1.78116,201669,0
Sydney,AU,-33.86785,151.20732,5638830,0
Sydney,CA,46.1351,-60.1831,105968,0
Sykhiv,UA,49.79427,24.06284,151131,0
Syktyvkar,RU,61.66393,50.8163,245083,0
Sylhet,BD,24.89904,91.87198,237000,0
Syracuse,US,43.04812,-76.14742,144142,0
Syzran,RU,53.1585,48.4681,189338,0
Szczecin,PL,53.42894,14.55302,395513,0
Szeged,HU,46.253,20.14824,160766,0
Szekesfehervar,HU,47.18995,18.41034,101600,0
Ta'if,SA,21.27028,40.41583,688693,0
Taboao da Serra,BR,-23.62611,-46.79167,273542,0
Tabora,TZ,-5.01622,32.82663,308741,0
Tabriz,IR,38.08,46.2919,1424641,0
Tabuk,PH,17.47378,121.46799,122771,0
Tabuk,PH,17.4084,121.2785,122771,0
Tabuk,SA,28.3998,36.57151,667000,0
Tacheng,CN,46.74535,82.95847,161037,0
Tachikawa,JP,35.7091,139.41891,183581,0
Tacloban,PH,11.24333,125.00472,259353,0
Tacna,PE,-18.01465,-70.25362,286240,0
Tacoma,US,47.25288,-122.44429,222906,0
Tacurong,PH,6.6925,124.67639,116945,0
Tadepalligudem,IN,16.81467,81.52717,112655,0
Tadpatri,IN,14.90832,78.01031,108171,0
Taganrog,RU,47.23627,38.9053,279056,0
Taganskiy,RU,55.73333,37.66667,116000,0
Taguatinga,BR,-15.83326,-48.05506,193367,0
Taguig,PH,14.5243,121.0792,1308085,0
Tahoua,NE,14.8888,5.2692,159468,0
Tahta,EG,26.76866,31.50198,134314,0
Tai Po,HK,22.45007,114.16877,274100,0
Tai'an,CN,36.18528,117.12,1735425,0
Taibai,CN,30.82482,108.35783,108387,0
Taicang,CN,31.44778,121.09389,831113,0
Taichung,TW,24.1469,120.6839,2850285,0
Tainan,TW,22.99083,120.21333,1856642,0
Taipa,MO,22.15583,113.55694,112051,0
Taipei,TW,25.05306,121.52639,7871900,1
Taiping,MY,4.85,100.73333,217647,0
Taishan,CN,22.25135,112.7799,145440,0
Taito,JP,35.70749,139.7788,211444,0
Taitung,TW,22.75991,121.14457,103260,0
Taiyuan,CN,37.86944,112.56028,4303673,0
Taiz,YE,13.57952,44.02091,940600,0
Taizhou,CN,32.49069,119.90812,1607108,0
Taizhou,CN,28.66266,121.43312,1485502,0
Tajimi,JP,35.31667,137.13333,107818,0
Tajura',LY,32.88167,13.35056,100000,0
Takamatsu,JP,34.33333,134.05,418994,0
Takaoka,JP,36.75,137.01667,170077,0
Takarazuka,JP,34.79936,135.35697,226432,0
Takasaki,JP,36.33333,139.01667,372973,0
Takatsuki,JP,34.84833,135.61678,354468,0
Takeo,KH,10.99081,104.78498,843931,0
Takoradi,GH,4.89816,-1.76029,389114,0
Talatona,AO,-8.91783,13.18562,500000,0
Talca,CL,-35.4232,-71.64974,197479,0
Talcahuano,CL,-36.72494,-73.11684,150499,0
Taldykorgan,KZ,45.01556,78.37389,116558,0
Talhar,PK,24.88454,68.81437,200014,0
Taling Chan,TH,13.77698,100.4567,105299,0
Talisay,PH,10.7375,122.9666,109204,0
Talisay,PH,10.24472,123.84944,133148,0
Talkha,EG,31.0539,31.37787,112851,0
Tallahassee,US,30.43826,-84.28073,201731,0
Tallinn,EE,59.43696,24.75353,394024,1
Tam Ky,VN,15.57364,108.47403,165240,0
Tama,JP,35.6436,139.46844,148285,0
Tamale,GH,9.40079,-0.8393,464316,0
Taman Petaling,MY,3.19916,101.64983,423062,0
Tambacounda,SN,13.77073,-13.66734,149071,0
Tambaram,IN,12.9246,80.12707,174787,0
Tambov,RU,52.73632,41.44102,293661,0
Tampa,US,27.94752,-82.45843,414547,0
Tampere,FI,61.49911,23.78712,260646,0
Tampico,MX,22.28519,-97.87777,309003,0
Tampines Estate,SG,1.35806,103.94028,265340,0
Tampines New Town,SG,1.34917,103.94972,259900,0
Tan An,VN,10.53589,106.41366,215250,0
Tan Chau,VN,10.79832,105.23887,175211,0
Tandil,AR,-37.3287,-59.1369,115877,0
Tando Adam,PK,25.76818,68.66196,174291,0
Tando Allahyar,PK,25.4605,68.71745,421923,0
Tando Bago,PK,24.78914,68.96535,426535,0
Tando Muhammad Khan,PK,25.12384,68.53677,114406,0
Tanga,TZ,-5.06893,39.09875,393429,0
Tangail,BD,24.24984,89.91655,180144,0
Tangara da Serra,BR,-14.61944,-57.48583,112547,0
Tangerang,ID,-6.17806,106.63,1927815,0
Tanggu,CN,39.02111,117.64694,535298,0
Tanghe,CN,32.68545,112.83234,278055,0
Tangier,MA,35.76727,-5.79975,1035141,0
Tangshan,CN,39.64381,118.18319,3372102,0
Tanjung Pandan,ID,-2.73353,107.63477,103062,0
Tanjung Pinang,ID,0.91667,104.45833,227663,0
Tanjungbalai,ID,2.96667,99.8,190935,0
Tanta,EG,30.78847,31.00192,576648,0
Tantou,CN,22.75121,113.83496,320304,0
Tanza,PH,14.6753,120.9389,105510,0
Tanzhou,CN,22.25503,113.46692,382445,0
Taonan,CN,45.33319,122.78464,112819,0
Taourirt,MA,34.40731,-2.89732,112908,0
Taoyuan,TW,24.99368,121.29696,475798,0
Taozhou,CN,30.90641,119.40865,146610,0
Tapachula,MX,14.90541,-92.25891,353706,0
Tarakan,ID,3.31332,117.59152,255310,0
Taranto,IT,40.46438,17.24707,198585,0
Tarawa,KI,1.3278,172.97696,40311,1
Taraz,KZ,42.89799,71.37334,358153,0
Targowek,PL,52.29185,21.04845,124279,0
Targu Mures,RO,46.54245,24.55747,212752,0
Tariba,VE,7.82117,-72.22329,138402,0
Tarija,BO,-21.53549,-64.72956,159269,0
Tarime,TZ,-1.35,34.36667,133043,0
Tarlac City,PH,15.48017,120.59794,401892,0
Tarnow,PL,50.01381,20.98698,117799,0
Tarragona,ES,41.11905,1.24544,141542,0
Tarsus,TR,36.91766,34.89277,350732,0
Tartus,SY,34.88902,35.88659,458327,0
Tasek Glugor,MY,5.48032,100.49849,135786,0
Tashkent,UZ,41.26465,69.21627,1978028,1
Tasikmalaya,ID,-7.3274,108.2207,770839,0
Tatui,BR,-23.35556,-47.85694,122967,0
Taubate,BR,-23.02639,-45.55528,317915,0
Taunggyi,MM,20.78919,97.03776,160115,0
Taungoo,MM,18.94291,96.43408,106945,0
Taunsa,PK,30.70358,70.65054,115704,0
Tauranga,NZ,-37.68611,176.16667,161000,0
Tawau,MY,4.24482,117.89115,372615,0
Tay Ho,VN,21.06895,105.81053,168300,0
Tay Ninh,VN,11.31004,106.09828,135254,0
Tayabas,PH,14.0259,121.5929,115318,0
Taytay,PH,14.55883,121.13285,231460,0
Taza,MA,34.21,-4.01,162110,0
Tbilisi,GE,41.69143,44.83412,1049498,1
Tebessa,DZ,35.40417,8.12417,194461,0
Tebingtinggi,ID,3.3285,99.1625,117530,0
Tegal,ID,-6.8694,109.1402,297173,0
Tegucigalpa,HN,14.0818,-87.20681,850848,1
Tehran,IR,35.69439,51.42151,7153309,1
Tehuacan,MX,18.46422,-97.39735,248716,0
Teixeira de Freitas,BR,-17.535,-39.74194,145216,0
Tekirdag,TR,40.9781,27.51101,122287,0
Tekstil'shchiki,RU,55.70033,37.74271,100000,0
Tel Aviv,IL,32.08088,34.78057,432892,0
Telde,ES,27.99243,-15.41915,123265,0
Telford,GB,52.67659,-2.44926,155570,0
Teluk Intan,MY,4.02219,101.02083,232800,0
Teluknaga,ID,-6.09889,106.63806,175155,0
Tema,GH,5.6698,-0.01657,155782,0
Temara,MA,33.92866,-6.90656,342345,0
Temecula,US,33.49364,-117.14836,110003,0
Temirtau,KZ,50.05197,72.95497,170600,0
Tempe,US,33.41477,-111.90931,175826,0
Tempe Junction,US,33.41421,-111.94348,158368,0
Temuco,CL,-38.73628,-72.59738,238129,0
Tengyue,CN,24.99492,98.51276,127133,0
Teni,IN,10.01115,77.47772,1034724,0
Teofilo Otoni,BR,-17.8575,-41.50528,101170,0
Tepexpan,MX,19.61387,-98.9364,102667,0
Tepic,MX,21.50733,-104.89332,332863,0
Teresina,BR,-5.08917,-42.80194,871126,0
Teresopolis,BR,-22.4167,-42.97822,176692,0
Ternate,ID,0.79065,127.38424,210836,0
Terni,IT,42.56335,12.64329,111189,0
Ternopil,UA,49.55404,25.59067,225238,0
Terrassa,ES,41.56667,2.01667,218535,0
Terrebonne,CA,45.70004,-73.64732,111575,0
Teshi Old Town,GH,5.58365,-0.10722,144013,0
Tete,MZ,-16.15639,33.58667,357000,0
Tetouan,MA,35.57845,-5.36837,415810,0
Tetuan de las Victorias,ES,40.45975,-3.6975,155000,0
Texcoco de Mora,MX,19.51194,-98.88293,105165,0
Teziutlan,MX,19.8173,-97.35992,103583,0
Thai Nguyen,VN,21.59422,105.84817,420000,0
Thane,IN,19.19704,72.96355,1841488,0
Thanesar,IN,29.97323,76.83214,155152,0
Thanh Hoa,VN,19.8,105.76667,850000,0
Thanh Khe,VN,16.0706,108.19102,201240,0
Thanh Pho Ba Ria,VN,10.49626,107.1685,235192,0
Thanh Xuan,VN,20.99472,105.79977,293292,0
Thanh pho Song Cong,VN,21.4772,105.84137,128357,0
Thanjavur,IN,10.78523,79.13909,291067,0
Thaton,MM,16.91867,97.37001,123727,0
The Bronx,US,40.84985,-73.86641,1385108,0
The Hague,NL,52.07667,4.29861,474292,0
The Valley,AI,18.21704,-63.05783,2035,1
Thembisa,ZA,-25.99636,28.2268,511655,0
Thenali,IN,16.24253,80.63982,164937,0
Thessaloniki,GR,40.64072,22.93493,317778,0
Thi Tran GJai Tu,VN,21.63384,105.63766,179192,0
Thi Tran GJong Trieu,VN,21.08242,106.5138,248896,0
Thi Tran Thuan Chau,VN,21.43849,103.69,153000,0
Thies,SN,14.78944,-16.92602,317763,0
Thies Nones,SN,14.78333,-16.96667,252320,0
Thika,KE,-1.03326,37.06933,251407,0
Thimphu,BT,27.46609,89.64191,98676,1
Thiruvananthapuram,IN,8.4855,76.94924,788271,0
Thohoyandou,ZA,-22.94564,30.48497,107144,0
Thoi Lai,VN,10.06522,105.55863,109684,0
Thon Buri,TH,13.725,100.48511,119708,0
Thoothukudi,IN,8.76735,78.13425,410760,0
Thornton,US,39.86804,-104.97192,133451,0
Thot Not,VN,10.27213,105.5338,158225,0
Thousand Oaks,US,34.17056,-118.83759,129339,0
Thrissur,IN,10.51667,76.21667,315957,0
Thu Dau Mot,VN,10.9804,106.6519,373105,0
Thu GJuc,VN,10.84863,106.77209,524670,0
Thuan An,VN,10.9239,106.71428,588616,0
Thuan Thanh,VN,21.046,106.079,199577,0
Thunder Bay,CA,48.38202,-89.25018,108843,0
Thung Khru,TH,13.62849,100.50952,116473,0
Thuqbah,SA,26.26022,50.20486,248888,0
Tianfu,CN,37.26366,122.05228,115370,0
Tianjin,CN,39.14222,117.17667,11090314,0
Tianshui,CN,34.57952,105.74238,1212791,0
Tiaret,DZ,35.37103,1.31699,178915,0
Tiebo,SN,14.63333,-16.23333,100289,0
Tieli,CN,46.97544,128.04804,107621,0
Tieling,CN,42.29306,123.84139,333907,0
Tigwav,HT,18.43117,-72.86521,117504,0
Tijuana,MX,32.5027,-117.00371,1922523,0
Tilburg,NL,51.55551,5.0913,221947,0
Tima,EG,26.90843,31.43469,101130,0
Timika,ID,-4.61407,136.67679,142909,0
Timisoara,RO,45.75372,21.22571,250849,0
Timon,BR,-5.09417,-42.83667,174465,0
Tin Shui Wai,HK,22.45679,114.00234,286232,0
Tinaquillo,VE,9.91861,-68.30472,115937,0
Tinh Bien,VN,10.59591,104.93669,143098,0
Tinsukia,IN,27.48905,95.35992,116322,0
Tirana,AL,41.32744,19.81866,418495,1
Tiraspol,MD,46.84275,29.6284,157000,0
Tirmiz,UZ,37.22417,67.27833,182800,0
Tiruchirappalli,IN,10.8155,78.69651,1022518,0
Tirunelveli,IN,8.72742,77.6838,1435844,0
Tirupati,IN,13.63551,79.41989,295323,0
Tiruppur,IN,11.11541,77.35456,963173,0
Tiruvannamalai,IN,12.22662,79.07461,145278,0
Tiruvottiyur,IN,13.15823,80.30181,249446,0
Titagarh,IN,22.74252,88.37326,127751,0
Titiwangsa,MY,3.17822,101.70312,122096,0
Tivaouane,SN,14.95186,-16.8152,102658,0
Tizi Ouzou,DZ,36.71182,4.04591,104312,0
Tlahuac,MX,19.28689,-99.00507,305076,0
Tlalnepantla,MX,19.54005,-99.19538,653410,0
Tlalpan,MX,19.29513,-99.16206,574577,0
Tlaquepaque,MX,20.64121,-103.29342,650123,0
Tlemcen,DZ,34.87833,-1.315,173531,0
Toa Payoh New Town,SG,1.33611,103.85,120650,0
Toamasina,MG,-18.1492,49.40234,345107,0
Toba Tek Singh,PK,30.97127,72.48275,123102,0
Tobolsk,RU,58.19807,68.25457,113800,0
Tobruk,LY,32.08963,23.95385,141499,0
Tochigi,JP,36.38333,139.73333,159056,0
Tocoa,HN,15.68333,-86,111972,0
Tokai,JP,35.02269,136.90887,113787,0
Tokat,TR,40.31389,36.55444,129702,0
Tokch'on,KP,39.75261,126.25798,237133,0
Tokorozawa,JP,35.79916,139.46903,344194,0
Tokoza,ZA,-26.36,28.129,106000,0
Tokushima,JP,34.06667,134.56667,267345,0
Tokuyama,JP,34.05,131.81667,101133,0
Tokyo,JP,35.6895,139.69171,9733276,1
Toledo,BR,-24.71361,-53.74306,119313,0
Toledo,PH,10.3773,123.6386,206692,0
Toledo,US,41.66394,-83.55521,265638,0
Toliara,MG,-23.35,43.66667,178725,0
Toluca,MX,19.28786,-99.65324,489333,0
Tolyatti,RU,53.5303,49.3461,702879,0
Tomakomai,JP,42.63694,141.60333,174806,0
Tomsk,RU,56.50049,84.98216,574002,0
Tonala,MX,20.62263,-103.24168,408759,0
Tondabayashicho,JP,34.50065,135.60211,132873,0
Tongchuan,CN,34.8988,108.95056,417740,0
Tongchuanshi,CN,35.07474,109.08495,223603,0
Tonghua,CN,41.71972,125.92639,510000,0
Tongliao,CN,43.6125,122.26528,261110,0
Tongling,CN,30.95,117.78333,402062,0
Tongren,CN,35.51483,102.016,103700,0
Tongshan,CN,34.18045,117.15707,329661,0
Tongzhou,CN,39.90395,116.66183,163326,0
Tonk,IN,26.16638,75.78824,165294,0
Toowoomba,AU,-27.56056,151.95386,142163,0
Topeka,US,39.04833,-95.67804,125963,0
Torbat-e Heydariyeh,IR,35.27401,59.21949,125633,0
Tordher,PK,33.99047,72.2863,150000,0
Toride,JP,35.9,140.08333,104524,0
Toronto,CA,43.70643,-79.39864,2794356,0
Torrance,US,33.83585,-118.34063,143592,0
Torrejon de Ardoz,ES,40.45535,-3.46973,118162,0
Torreon,MX,25.54389,-103.41898,735340,0
Torshavn,FO,62.00973,-6.77164,13200,1
Torun,PL,53.01375,18.59814,196935,0
Toshima,JP,35.76126,139.74491,301599,0
Totonicapan,GT,14.91188,-91.36054,103952,0
Tottenham,GB,51.60373,-0.06794,130000,0
Tottori-shi,JP,35.5,134.23333,188465,0
Touba,SN,14.86229,-15.87532,1120824,0
Toufen,TW,24.68753,120.90942,106310,0
Touggourt,DZ,33.11083,6.07,143270,0
Toulon,FR,43.12442,5.92836,168701,0
Toulouse,FR,43.60426,1.44367,511684,0
Tours,FR,47.39484,0.70398,141621,0
Townsville,AU,-19.26639,146.80569,201313,0
Toyama,JP,36.7,137.21667,415844,0
Toyohashi,JP,34.76667,137.38333,377453,0
Toyokawa,JP,34.81667,137.4,184661,0
Toyonaka,JP,34.78244,135.46932,401558,0
Toyota,JP,35.08333,137.15,426162,0
Tra Vinh,VN,9.94719,106.34225,160310,0
Trabzon,TR,41.005,39.72694,244083,0
Trang Bang,VN,11.02987,106.35751,161831,0
Trento,IT,46.06787,11.12108,120709,0
Tri-Cities,US,46.2454,-119.19617,244036,0
Trier,DE,49.75565,6.63935,100129,0
Trieste,IT,45.64953,13.77678,204338,0
Trincomalee,LK,8.5778,81.2289,108420,0
Trindade,BR,-16.64944,-49.48889,142431,0
Tripoli,LB,34.43352,35.84415,229398,0
Tripoli,LY,32.88743,13.18733,1302947,1
Trois-Rivieres,CA,46.34515,-72.5477,144472,0
Trondheim,NO,63.43049,10.39506,216518,0
Troparevo,RU,55.65625,37.48496,118000,0
Trujillo,PE,-8.11599,-79.02998,1067700,0
Tsaritsyno,RU,55.6254,37.65032,123000,0
Tsentralno-Miskyi,UA,48.30237,38.03165,118283,0
Tsentralnyi,UA,47.09833,37.54838,179582,0
Tseung Kwan O,HK,22.32789,114.24992,412900,0
Tshikapa,CD,-6.41621,20.79995,634529,0
Tshilenge,CD,-10.96667,22.9,116073,0
Tsing Yi Town,HK,22.35,114.1,182100,0
Tsu,JP,34.73333,136.51667,274537,0
Tsuchiura,JP,36.09047,140.21047,144399,0
Tsuen Wan,HK,22.37137,114.11329,318916,0
Tsukuba,JP,36.08333,140.11667,241656,0
Tsuruoka,JP,38.72167,139.82167,125389,0
Tsuyama,JP,35.05215,133.99885,102294,0
Tubarao,BR,-28.46667,-49.00694,110088,0
Tucson,US,32.22174,-110.92648,542629,0
Tuen Mun,HK,22.39175,113.97157,507900,0
Tuerkmenabat,TM,39.07328,63.57861,230861,0
Tuguegarao,PH,17.61577,121.72285,167297,0
Tula,RU,54.19609,37.61822,482873,0
Tulancingo,MX,20.08355,-98.36288,102406,0
Tulsa,US,36.15398,-95.99277,413066,0
Tulua,CO,4.08466,-76.19536,221684,0
Tumkur,IN,13.34136,77.1022,307359,0
Tumxuk,CN,39.86984,79.06118,135727,0
Tunduma,TZ,-9.3,32.76667,219309,0
Tung Chung,HK,22.28783,113.94243,114100,0
Tungi,BD,23.89154,90.40232,337579,0
Tungipara,BD,22.89983,89.90326,114482,0
Tunis,TN,36.81897,10.16579,693210,1
Tunja,CO,5.54481,-73.35756,172548,0
Turgutlu,TR,38.49533,27.6997,103292,0
Turhal,TR,40.3875,36.08111,110884,0
Turin,IT,45.07049,7.68682,847287,0
Turkistan,KZ,43.29458,68.25685,227098,0
Turku,FI,60.45148,22.26869,206655,0
Turmero,VE,10.22856,-67.47421,344700,0
Turpan,CN,42.94769,89.17886,273385,0
Tuscaloosa,US,33.20984,-87.56917,111338,0
Tuxtepec,MX,18.0883,-96.12535,159452,0
Tuxtla,MX,16.75357,-93.11578,604147,0
Tuy Hoa,VN,13.09546,109.32094,155921,0
Tuyen Quang,VN,21.82356,105.21424,104645,0
Tuz Khurmatu,IQ,34.88808,44.63256,120712,0
Tuzla,BA,44.53842,18.66709,142486,0
Tver,RU,56.85836,35.90057,420065,0
Twifu Praso,GH,5.61411,-1.5502,100851,0
Tychy,PL,50.13717,18.96641,130000,0
Tyler,US,32.35126,-95.30106,103700,0
Tyoply Stan,RU,55.62047,37.49338,125000,0
Tyre,LB,33.27333,35.19389,135204,0
Tyumen,RU,57.15222,65.52722,768358,0
UEruemqi,CN,43.80096,87.60046,3029372,0
UEskuedar,TR,41.02274,29.01366,524452,0
Uba,BR,-21.12,-42.94278,103365,0
Ube,JP,33.94306,131.25111,173733,0
Uberaba,BR,-19.74833,-47.93194,337836,0
Uberlandia,BR,-18.91861,-48.27722,563536,0
Ubon Ratchathani,TH,15.23844,104.84866,122533,0
Udaipur,IN,24.58584,73.71346,451100,0
Udgir,IN,18.39258,77.11756,103550,0
Udine,IT,46.0693,13.23715,100170,0
Udon Thani,TH,17.41567,102.78589,130531,0
Udupi,IN,13.33467,74.74617,165000,0
Ueda,JP,36.40265,138.28161,157480,0
Ufa,RU,54.74306,55.96779,1120547,0
Ugep,NG,5.80865,8.08098,200276,0
Uige,AO,-7.60874,15.06131,322531,0
Uijeongbu-si,KR,37.7415,127.0474,479141,0
Uji,JP,34.89044,135.80325,192925,0
Ujjain,IN,23.18239,75.77643,515215,0
Ujpest,HU,47.56863,19.08456,100694,0
Ukhta,RU,63.56904,53.69141,102187,0
Ulan Bator,MN,47.90771,106.88324,844818,1
Ulan-Ude,RU,51.82648,107.59979,360278,0
Ulanhot,CN,46.08333,122.08333,165846,0
Ulanqab,CN,40.993,113.133,550231,0
Ulhasnagar,IN,19.21667,73.15,516584,0
Ullyul,KP,38.51389,125.18972,107997,0
Ulm,DE,48.39841,9.99155,120451,0
Ulsan,KR,35.53722,129.31667,1098421,0
Ulu Bedok,SG,1.33333,103.93333,276990,0
Uluberiya,IN,22.4756,88.09898,235345,0
Ulyanovsk,RU,54.32824,48.38657,626540,0
Umarkot,PK,25.36329,69.74184,144558,0
Umea,SE,63.82842,20.25972,130224,0
Umm Qasr,IQ,30.0362,47.91951,107620,0
Umraniye,TR,41.01643,29.12476,573265,0
Umuahia,NG,5.52491,7.49461,370000,0
Umuarama,BR,-23.76639,-53.325,117095,0
Unaizah,SA,26.1,44,183319,0
Ungaran,ID,-7.13972,110.405,171378,0
Universal City,US,34.1389,-118.35341,105000,0
Unnao,IN,26.54706,80.48781,161671,0
Upata,VE,8.0162,-62.40561,112617,0
Uppal Kalan,IN,17.40577,78.55911,118259,0
Upper West Side,US,40.78705,-73.97542,226989,0
Uppsala,SE,59.85882,17.63889,177074,0
Urasoe,JP,26.25902,127.73012,115690,0
Urayasu,JP,35.65879,139.90055,171362,0
Urdaneta,PH,15.97611,120.57111,145935,0
Urganch,UZ,41.55177,60.63143,145000,0
Uromi,NG,6.7,6.33333,108608,0
Ursynow,PL,52.15051,21.05041,149775,0
Uruapan,MX,19.41677,-102.05842,299523,0
Uruguaiana,BR,-29.75472,-57.08833,123480,0
Uruma,JP,26.37609,127.85908,125303,0
Usak,TR,38.67351,29.4058,369433,0
Usera,ES,40.38866,-3.70035,141189,0
Ussuriysk,RU,43.80467,131.95734,157068,0
Ust'-Ilimsk,RU,58.00056,102.66194,100271,0
Ust-Kamenogorsk,KZ,49.97143,82.60586,319067,0
Utrecht,NL,52.09083,5.12222,376435,0
Utsunomiya,JP,36.56667,139.88333,518757,0
Uvira,CD,-3.39534,29.13779,407092,0
Uyo,NG,5.05127,7.9335,436606,0
Uzhhorod,UA,48.6242,22.2947,115449,0
Vacoas,MU,-20.29806,57.47833,115289,0
Vadodara,IN,22.29941,73.20812,1822221,0
Vaduz,LI,47.14151,9.52154,5197,1
Vaesteras,SE,59.61617,16.55276,127799,0
Valdivia,CL,-39.81422,-73.24589,133419,0
Valencia,ES,39.47391,-0.37966,824340,0
Valencia,US,34.44361,-118.60953,148456,0
Valencia,VE,10.16153,-68.00044,1619470,0
Valenzuela,PH,14.7,120.9667,725173,0
Valera,VE,9.31778,-70.60361,244708,0
Valinhos,BR,-22.97056,-46.99583,126373,0
Valladolid,ES,41.65541,-4.72353,300618,0
Valle de La Pascua,VE,9.21554,-66.00734,153136,0
Valledupar,CO,10.46538,-73.2531,490075,0
Vallejo,US,38.10409,-122.25664,121692,0
Valletta,MT,35.89968,14.5148,6794,1
Valparaiso,CL,-33.036,-71.62963,282448,0
Valparaiso de Goias,BR,-16.06583,-47.97861,198861,0
Valsad,IN,20.61013,72.93428,139764,0
Van,TR,38.49457,43.38323,525016,0
Van Nuys,US,34.18667,-118.44897,136443,0
Vancouver,CA,49.24966,-123.11934,662248,0
Vancouver,US,45.63873,-122.66149,196442,0
Vanderbijlpark,ZA,-26.71171,27.83795,246754,0
Vantaa,FI,60.29414,25.04099,252724,0
Vapi,IN,20.37175,72.90493,163630,0
Varamin,IR,35.3242,51.6457,225628,0
Varanasi,IN,25.31668,83.01041,1164404,0
Varginha,BR,-21.55139,-45.43028,136467,0
Varna,BG,43.21912,27.91024,318737,0
Varzea Grande,BR,-15.64667,-56.1325,314627,0
Varzea Paulista,BR,-23.21139,-46.82833,115771,0
Vasco da Gama,IN,15.39585,73.81568,100485,0
Vasyl'evsky Ostrov,RU,59.94091,30.25377,203058,0
Vatican City,VA,41.90268,12.45414,829,1
Vaughan,CA,43.8361,-79.49827,323103,0
Vedado,CU,23.13767,-82.39339,108369,0
Vejalpur,IN,22.69021,73.56299,121610,0
Velikiy Novgorod,RU,58.52131,31.27104,222868,0
Velikiye Luki,RU,56.34063,30.54377,103149,0
Vellore,IN,12.9184,79.13255,484690,0
Venlo,NL,51.37,6.16806,101988,0
Venustiano Carranza,MX,19.44361,-99.10499,430978,0
Veracruz,MX,19.18095,-96.1429,428323,0
Veraval,IN,20.9077,70.36786,171121,0
Vereeniging,ZA,-26.67313,27.92615,474681,0
Verhunskyi,UA,48.58573,39.37158,185593,0
Verona,IT,45.43854,10.9938,258031,0
Veshnyaki,RU,55.72393,37.81952,122000,0
Vespasiano,BR,-19.69194,-43.92333,129246,0
Viamao,BR,-30.08111,-51.02333,285269,0
Viana,AO,-8.90553,13.37499,865863,0
Vicenza,IT,45.54672,11.5475,111980,0
Victoria,CA,48.4359,-123.35155,289625,0
Victoria,HK,22.2875,114.14417,956800,0
Victoria,SC,-4.62001,55.45501,22881,1
Victoria de Durango,MX,24.02032,-104.65756,518709,0
Victorville,US,34.53611,-117.29116,122225,0
Vidisha,IN,23.52604,77.81092,155951,0
Vienna,AT,48.20849,16.37208,1691468,1
Vientiane,LA,17.96667,102.6,840940,1
Viet Tri,VN,21.32274,105.40198,415280,0
Viet Yen,VN,21.26667,106.13333,205900,0
Vigo,ES,42.23282,-8.72264,293642,0
Vihari,PK,30.0445,72.3556,112840,0
Vijayapura,IN,16.82442,75.71537,327427,0
Vijayawada,IN,16.50745,80.6466,1143232,0
Vila Andrade,BR,-23.62623,-46.72828,168669,0
Vila Curuca,BR,-23.51,-46.41566,140673,0
Vila Flor,AO,-8.98007,13.30781,256066,0
Vila Jacui,BR,-23.50262,-46.46156,134189,0
Vila Maria,BR,-23.51408,-46.58625,108543,0
Vila Mariana,BR,-23.58833,-46.63464,127286,0
Vila Matilde,BR,-23.53936,-46.51788,103558,0
Vila Medeiros,BR,-23.48874,-46.57762,114839,0
Vila Prudente,BR,-23.59255,-46.57278,105590,0
Vila Velha,BR,-20.32972,-40.2925,394930,0
Vilkhivskyi,UA,48.54327,39.28201,126340,0
Villa Canales,GT,14.48285,-90.53425,155423,0
Villa Lugano,AR,-34.67907,-58.47263,114000,0
Villa Mercedes,CL,-37.40421,-71.97949,131936,0
Villa Nueva,GT,14.52512,-90.58544,618397,0
Villahermosa,MX,17.98625,-92.93928,353577,0
Villaverde,ES,40.35,-3.7,126802,0
Villavicencio,CO,4.13238,-73.62564,321717,0
Ville-Marie,CA,45.49899,-73.57046,104944,0
Villeray-Saint-Michel-Parc-Extension,CA,45.55869,-73.60535,144814,0
Villeurbanne,FR,45.76601,4.8795,131445,0
Vilnius,LT,54.68916,25.2798,542366,1
Vina del Mar,CL,-33.02457,-71.55183,334248,0
Vinh,VN,18.67337,105.69232,790000,0
Vinh Chau,VN,9.32439,105.98006,183918,0
Vinh Long,VN,10.25369,105.9722,137870,0
Vinh Yen,VN,21.30891,105.60489,119128,0
Vinnytsya,UA,49.2322,28.46871,430091,0
Viransehir,TR,37.22349,39.75519,154163,0
Virar,IN,19.45591,72.81136,1222390,0
Virginia,ZA,-28.10391,26.86593,122502,0
Virginia Beach,US,36.85293,-75.97799,454808,0
Visakhapatnam,IN,17.68009,83.20161,1063178,0
Visalia,US,36.33023,-119.29206,130104,0
Viseu,PT,40.66165,-7.90905,103502,0
Vista,US,33.20004,-117.24254,100890,0
Vitebsk,BY,55.1904,30.2049,358395,0
Vitoria,BR,-20.31944,-40.33778,312656,0
Vitoria da Conquista,BR,-14.86611,-40.83944,253137,0
Vitoria de Santo Antao,BR,-8.11806,-35.29139,134084,0
Vizianagaram,IN,18.11692,83.41148,228720,0
Vladikavkaz,RU,43.04101,44.66986,306258,0
Vladimir,RU,56.13854,40.39976,357024,0
Vladivostok,RU,43.10562,131.87353,604901,0
Vlore,AL,40.4696,19.48379,115261,0
Volgodonsk,RU,47.51141,42.15269,167731,0
Volgograd,RU,48.71378,44.4976,1013533,0
Vologda,RU,59.2239,39.88398,312420,0
Volta Redonda,BR,-22.52306,-44.10417,279898,0
Volzhsky,RU,48.78583,44.77973,323293,0
Voronezh,RU,51.66833,39.19204,1047549,0
Votorantim,BR,-23.54667,-47.43778,127923,0
Vryheid,ZA,-27.76952,30.79165,150012,0
Vung Tau,VN,10.34599,107.08426,464860,0
Vyhurivshchyna-Troyeshchyna,UA,50.51137,30.60251,240000,0
Vykhino-Zhulebino,RU,55.70196,37.81178,216000,0
Waco,US,31.54933,-97.14667,132356,0
Wad Medani,SD,14.40118,33.51989,332714,0
Wadi as Sir,JO,31.9545,35.81831,181212,0
Wafangdian,CN,39.61833,122.00806,454338,0
Wah Cantt,PK,33.77094,72.75116,400733,0
Wakayama,JP,34.23333,135.16667,356729,0
Wakefield,GB,53.68331,-1.49768,109766,0
Walbrzych,PL,50.77141,16.28432,127431,0
Walsall,GB,52.58528,-1.98396,172141,0
Walthamstow,GB,51.59067,-0.02077,109424,0
Wan Chai,HK,22.28142,114.17258,166695,0
Wandsbek,DE,53.58334,10.08305,411422,0
Wang Thonglang,TH,13.78546,100.61165,114768,0
Wangsa Maju,MY,3.20056,101.73972,215600,0
Wanning,CN,18.79931,110.3841,545992,0
Wansheng,CN,28.9629,106.92844,113751,0
Wanxian,CN,30.81601,108.37407,859662,0
Wanzhou,CN,30.76451,108.39586,1545900,0
Warangal,IN,18,79.58333,704570,0
Warder,ET,6.97444,45.34083,450400,0
Wardha,IN,20.73933,78.59784,113759,0
Warisan,AE,25.16744,55.40708,108759,0
Warren,US,42.49044,-83.01304,134056,0
Warri,NG,5.51737,5.75006,910000,0
Warrington,GB,53.39254,-2.58024,172330,0
Warsaw,PL,52.22977,21.01178,1702139,1
Washington,US,38.89511,-77.03637,689545,1
Washington Heights,US,40.8501,-73.93541,152613,0
Watampone,ID,-4.5386,120.3279,149336,0
Waterbury,US,41.55815,-73.0515,108802,0
Waterloo,CA,43.4668,-80.51639,104986,0
Watford,GB,51.65531,-0.39602,125707,0
Watthana,TH,13.72978,100.58536,171150,0
Wau,SS,7.70111,27.98972,127384,0
Wayaobu,CN,37.13611,109.65972,113698,0
Wazirabad,PK,32.44324,74.12,152624,0
Weifang,CN,36.71,119.10194,2044028,0
Weihai,CN,37.50914,122.11356,844310,0
Weinan,CN,34.50355,109.50891,1199290,0
Weldiya,ET,11.8277,39.59164,104000,0
Welkom,ZA,-27.97742,26.73506,431944,0
Wellington,NZ,-41.28664,174.77557,381900,1
Wenchang,CN,19.55158,110.80279,560894,0
Wenshan City,CN,23.36306,104.25047,450000,0
Wenzhou,CN,27.99942,120.66682,2650000,0
Weru,ID,-6.711,108.5037,139004,0
West Bromwich,GB,52.51868,-1.9945,103112,0
West Covina,US,34.06862,-117.93895,108484,0
West Island,CC,-12.15681,96.82251,120,1
West Jerusalem,IL,31.78199,35.21961,400000,0
West Jordan,US,40.60967,-111.9391,111946,0
West Palm Beach,US,26.71534,-80.05337,120932,0
West Raleigh,US,35.78682,-78.66389,338759,0
West Valley City,US,40.69161,-112.00105,136208,0
Westminster,US,39.83665,-105.0372,116317,0
Westonaria,ZA,-26.31905,27.6486,156831,0
Whalley,CA,49.17917,-122.86667,102555,0
Whitby,CA,43.88342,-78.93287,138501,0
Wichita,US,37.69224,-97.33754,396119,0
Wichita Falls,US,33.91371,-98.49339,104710,0
Wiesbaden,DE,50.08601,8.24435,288850,0
Wigan,GB,53.54296,-2.63706,175405,0
Willemstad,CW,12.12246,-68.88641,125000,1
Wilmersdorf,DE,52.48333,13.31667,101877,0
Wilmington,US,34.23556,-77.94604,115933,0
Windhoek,NA,-22.55941,17.08323,386219,1
Windsor,CA,42.30008,-83.01654,229660,0
Winejok,SS,9.01222,27.57081,300000,0
Winnipeg,CA,49.8844,-97.14704,749607,0
Winston-Salem,US,36.09986,-80.24422,241218,0
Winterthur,CH,47.50564,8.72413,111840,0
Wloclawek,PL,52.64817,19.0678,120339,0
Woking,GB,51.31903,-0.55893,103900,0
Wola,PL,52.23477,20.96004,140958,0
Wolfsburg,DE,52.42452,10.7815,123064,0
Wollongong,AU,-34.424,150.89345,280153,0
Wolverhampton,GB,52.58547,-2.12296,263700,0
Wong Tai Sin,HK,22.35,114.18333,425235,0
Wonju,KR,37.35139,127.94528,332849,0
Wonsan,KP,39.15278,127.44361,329207,0
Woodlands,SG,1.43801,103.78877,254440,0
Worcester,GB,52.18935,-2.22001,101659,0
Worcester,US,42.26259,-71.80229,206518,0
Worcester,ZA,-33.64651,19.44852,127597,0
Worthing,GB,50.81795,-0.37538,113866,0
Wroclaw,PL,51.10286,17.03006,672545,0
Wuchuan,CN,21.45713,110.76591,104168,0
Wuda,CN,39.49944,106.71167,129922,0
Wuerzburg,DE,49.79391,9.95121,133731,0
Wugang,CN,26.7279,110.63198,132457,0
Wuhai,CN,39.68442,106.81583,218427,0
Wuhan,CN,30.58333,114.26667,10392693,0
Wuhu,CN,31.35259,118.42947,1598165,0
Wujiaqu,CN,44.16279,87.52174,154400,0
Wuppertal,DE,51.25627,7.14816,360797,0
Wushan,CN,31.07749,109.87639,117873,0
Wuwei,CN,37.92672,102.63202,1010295,0
Wuxi,CN,31.56887,120.28857,4396835,0
Wuxue,CN,29.85058,115.5525,220661,0
Wuyishan,CN,27.75995,118.03066,137133,0
Wuzhishan,CN,18.78229,109.5013,112269,0
Wuzhong,CN,37.9867,106.201,7202654,0
Wuzhou,CN,23.48054,111.28848,761948,0
Xai-Xai,MZ,-25.05194,33.64417,154356,0
Xalapa de Enriquez,MX,19.53124,-96.91589,424755,0
Xi'an,CN,34.25833,108.92861,9600000,0
Xiamen,CN,24.47979,118.08187,4617251,0
Xiangcheng,CN,25.46687,100.56248,121959,0
Xiangtan,CN,27.85,112.9,959303,0
Xiangyang,CN,32.0422,112.14479,1294733,0
Xianning,CN,29.84347,114.32201,512517,0
Xiantao,CN,30.3708,113.44294,239406,0
Xianyang,CN,34.33778,108.70261,1034081,0
Xiaogan,CN,30.92689,113.92221,908266,0
Xiayang,CN,31.14967,121.11588,137321,0
Xiazhen,CN,34.80222,117.11167,125667,0
Xichang,CN,27.89642,102.26341,481796,0
Xico,MX,19.27032,-98.95088,384327,0
Xigang,CN,38.55258,106.34805,112061,0
Xilin Hot,CN,43.96667,116.03333,120965,0
Xilinhot,CN,43.93889,116.07021,349953,0
Xincheng,CN,41.71497,82.93249,102752,0
Xindi,CN,29.81667,113.46667,175761,0
Xinghua,CN,32.93917,119.83417,105918,0
Xingning,CN,24.1483,115.72272,274499,0
Xingtai,CN,37.06217,114.49272,798770,0
Xingyi,CN,25.09617,104.90639,322890,0
Xining,CN,36.62554,101.75739,1677177,0
Xinji,CN,37.92595,115.21907,145911,0
Xinqiao,CN,31.065,121.3075,155856,0
Xintai,CN,35.90056,117.75194,222459,0
Xinxiang,CN,35.19033,113.80151,1047088,0
Xinyang,CN,32.12278,114.06556,1230042,0
Xinyi,CN,34.38424,118.34617,300511,0
Xinyu,CN,27.80429,114.93335,839488,0
Xinyuan,CN,43.42649,83.24959,282718,0
Xinzhai,CN,36.4,118.61667,100168,0
Xinzhou,CN,38.40917,112.73333,544683,0
Xiulin,CN,29.71667,112.4,122411,0
Xiuying,CN,20.00073,110.29359,290000,0
Xiva,UZ,41.38555,60.36408,115000,0
Xizhi,TW,25.06615,121.65985,204619,0
Xochimilco,MX,19.25465,-99.10356,442178,0
Xuan Loc,VN,10.93333,107.23333,253140,0
Xuancheng,CN,30.9525,118.75528,774332,0
Xuanhua,CN,40.61205,115.06463,373422,0
Xuchang,CN,34.03189,113.86299,1265536,0
Xuhui,CN,31.19594,121.44709,1109800,0
Xunchang,CN,28.45433,104.71498,118664,0
Xuyong,CN,28.16992,105.43452,108352,0
Xuzhou,CN,34.20442,117.28386,1253991,0
Ya'an,CN,29.98521,102.999,612056,0
Yachiyo,JP,35.73531,140.12445,199498,0
Yaizu,JP,34.86877,138.31952,139578,0
Yakeshi,CN,49.28333,120.73333,116284,0
Yakutsk,RU,62.03114,129.72288,235600,0
Yamagata,JP,38.23333,140.36667,248772,0
Yamaguchi,JP,34.18333,131.46667,193966,0
Yamato,JP,35.47276,139.45101,242065,0
Yamoussoukro,CI,6.82055,-5.27674,275686,1
Yamuna Nagar,IN,30.12796,77.28371,217071,0
Yan'an,CN,36.59889,109.49167,475234,0
Yanbu,SA,24.08954,38.0618,200161,0
Yancheng,CN,33.3575,120.1573,1615717,0
Yangcheng,CN,29.99968,106.25604,186242,0
Yangchun,CN,22.16667,111.78333,153547,0
Yanghang,CN,31.37022,121.43742,204564,0
Yangjiang,CN,21.85563,111.96272,1292987,0
Yangju,KR,37.83311,127.06169,179923,0
Yangon,MM,16.80528,96.15611,4477638,0
Yangpu,CN,31.26193,121.51904,1210800,0
Yangquan,CN,37.8575,113.56333,731228,0
Yangsan,KR,35.34199,129.03358,358074,0
Yangshuo,CN,24.78081,110.48967,300000,0
Yangzhou,CN,32.39722,119.43583,1584237,0
Yanji,CN,42.88825,129.50241,326957,0
Yantai,CN,37.47649,121.44081,2227733,0
Yanzhou,CN,35.55278,116.82861,254788,0
Yao,JP,34.61667,135.6,273213,0
Yaounde,CM,3.86667,11.51667,1299369,1
Yaren,NR,-0.55085,166.9252,1100,1
Yaritagua,VE,10.08081,-69.1242,113343,0
Yaroslavl,RU,57.62987,39.87368,608722,0
Yasenevo,RU,55.60686,37.51991,180000,0
Yautepec,MX,18.88188,-99.06715,105780,0
Yavatmal,IN,20.39324,78.13201,128175,0
Yawnghwe,MM,20.65973,96.93376,188083,0
Yazd,IR,31.89722,54.3675,477905,0
Yei,SS,4.09444,30.67639,260720,0
Yekaterinburg,RU,56.85733,60.61529,1495066,0
Yelahanka,IN,13.10073,77.59632,116447,0
Yelets,RU,52.61435,38.50935,115688,0
Yen Bai,VN,21.72288,104.9113,100631,0
Yen Vinh,VN,18.66667,105.66667,107082,0
Yenagoa,NG,4.92675,6.26764,365000,0
Yenangyaung,MM,20.46504,94.8712,110553,0
Yeoju,KR,37.29583,127.63389,111897,0
Yeosu,KR,34.76062,127.66215,268823,0
Yerevan,AM,40.17765,44.5126,1144700,1
Yevlakh,AZ,40.61832,47.15014,127400,0
Yevpatoriya,UA,45.20091,33.36655,107040,0
Yezhou,CN,30.60369,109.72333,104839,0
Yibin,CN,28.7593,104.63994,836340,0
Yichang,CN,30.71444,111.28472,1350150,0
Yichun,CN,27.83333,114.4,1045952,0
Yichun,CN,47.72143,128.87529,155762,0
Yidu,CN,36.77121,118.42454,105070,0
Yinchuan,CN,38.46806,106.27306,1487579,0
Yingkou,CN,40.66472,122.23176,591159,0
Yingtan,CN,28.23333,117,214229,0
Yintai,CN,35.11524,109.09702,217509,0
Yishun New Town,SG,1.43333,103.83111,228730,0
Yiwu,CN,29.31506,120.07676,1481384,0
Yixing,CN,31.36059,119.82016,1285785,0
Yizhou,CN,24.5,108.66667,155872,0
Yogyakarta,ID,-7.80139,110.36472,375699,0
Yokkaichi,JP,34.96667,136.61667,305424,0
Yokohama,JP,35.43333,139.65,3777491,0
Yokosuka,JP,35.28361,139.66722,409478,0
Yola,NG,9.20839,12.48146,460000,0
Yonago,JP,35.43333,133.33333,148720,0
Yong'an,CN,31.01894,109.45949,144314,0
Yongchuan,CN,29.35376,105.89392,192954,0
Yongji,CN,34.86611,110.44028,452000,0
Yongkang,TW,23.02444,120.25556,233730,0
Yongzhou,CN,26.42389,111.61306,1020715,0
Yonkers,US,40.9304,-73.89789,201116,0
Yono,JP,35.88333,139.63333,102364,0
Yopal,CO,5.33573,-72.3939,168433,0
York,GB,53.95763,-1.08271,156135,0
Yoshkar-Ola,RU,56.63877,47.89078,268272,0
Youkaichi,JP,35.11626,136.19768,112819,0
Yuanlin,TW,23.95671,120.57608,124725,0
Yuci,CN,37.68028,112.73194,235929,0
Yuen Long,HK,22.44518,114.02621,200000,0
Yuen Long Kau Hui,HK,22.44831,114.03199,169600,0
Yuen Long San Hui,HK,22.43333,114.03333,200000,0
Yuepu,CN,31.42694,121.42139,139328,0
Yueyang,CN,29.37455,113.09481,991465,0
Yulin,CN,22.6305,110.14686,1056743,0
Yuncheng,CN,35.02306,110.99278,680036,0
Yunfu,CN,22.92787,112.03809,2612800,0
Yunlong,CN,34.25281,117.25167,345393,0
Yunusobod,UZ,41.37139,69.27944,352000,0
Yushu,CN,33.00118,97.00893,141308,0
Yushu,CN,44.82751,126.54063,124736,0
Yuxi,CN,24.355,102.54222,103829,0
Yuyao,CN,30.05,121.14944,114177,0
Yuzhno-Sakhalinsk,RU,46.9543,142.73559,198973,0
Zaanstad,NL,52.45313,4.81356,140085,0
Zabol,IR,31.0306,61.4949,121989,0
Zabrze,PL,50.32492,18.78576,192177,0
Zacatecas,MX,22.76843,-102.58141,129011,0
Zagazig,EG,30.58768,31.502,430445,0
Zagreb,HR,45.81444,15.97798,663592,1
Zahedan,IR,29.4963,60.8629,551980,0
Zama,JP,35.4879,139.39101,132325,0
Zamboanga,PH,6.91028,122.07389,1018849,0
Zamora de Hidalgo,MX,19.98404,-102.28634,186102,0
Zango,AO,-9.01212,13.38437,198538,0
Zanjan,IR,36.67642,48.49628,357471,0
Zanzibar,TZ,-6.16394,39.19793,709809,0
Zaoyang,CN,32.12722,112.75417,184509,0
Zaozhuang,CN,34.86472,117.55417,899753,0
Zapopan,MX,20.72111,-103.38742,1476491,0
Zaporizhzhya,UA,47.85167,35.11714,710052,0
Zaragoza,ES,41.65606,-0.87734,686986,0
Zaria,NG,11.11128,7.7227,980000,0
Zarichnyi,UA,50.90376,34.80933,150694,0
Zarqa,JO,32.07275,36.08796,792665,0
Zawiya,LY,32.75222,12.72778,186123,0
Zefta,EG,30.7142,31.24425,111700,0
Zelenograd,RU,55.9825,37.18139,215727,0
Zemun,RS,44.8458,20.40116,155591,0
Zenica,BA,44.20169,17.90397,164423,0
Zeytinburnu,TR,40.99441,28.90417,280896,0
Zhabei,CN,31.25861,121.45972,840000,0
Zhalantun,CN,48.00945,122.73651,132224,0
Zhanaozen,KZ,43.34116,52.86192,103598,0
Zhangjiagang,CN,31.865,120.53889,1432044,0
Zhangjiajie,CN,29.12944,110.47833,441804,0
Zhangjiakou,CN,40.78341,114.87139,692602,0
Zhangye,CN,38.93417,100.45167,507433,0
Zhangzhou,CN,24.51333,117.65556,589831,0
Zhanjiang,CN,21.23391,110.38749,1400709,0
Zhaodong,CN,46.05223,125.9552,154406,0
Zhaoqing,CN,23.04893,112.46091,1553109,0
Zhaotong,CN,27.31667,103.71667,787845,0
Zhaoyuan,CN,37.36497,120.40997,120000,0
Zhaozhou,CN,45.70595,125.26606,114009,0
Zheleznodorozhnyy,RU,55.744,38.01684,141648,0
Zhengding,CN,38.14501,114.56556,193524,0
Zhengzhou,CN,34.75778,113.64861,4253913,0
Zhenjiang,CN,32.21086,119.45508,950516,0
Zhenping,CN,33.03457,112.22763,181528,0
Zhenzhou,CN,32.28034,119.16999,176006,0
Zhezqazghan,KZ,47.79411,67.70628,104357,0
Zhicheng,CN,30.29556,111.50472,159383,0
Zhonghe,CN,28.45049,108.98901,105003,0
Zhongshan,CN,22.52306,113.37912,3841873,0
Zhongwei,CN,37.51129,105.19067,1174600,0
Zhongxiang,CN,31.16611,112.58306,108883,0
Zhoucun,CN,36.81667,117.81667,122402,0
Zhoukou,CN,33.63333,114.63333,505171,0
Zhoushan,CN,29.98869,122.20488,882932,0
Zhu Cheng City,CN,35.99502,119.40259,1000000,0
Zhubei,TW,24.83833,121.00778,212695,0
Zhucheng,CN,35.99472,119.3975,499285,0
Zhuhai,CN,22.27694,113.56778,2207090,0
Zhuji,CN,29.71877,120.24233,110721,0
Zhujing,CN,30.901,121.15966,120084,0
Zhulebino,RU,55.7,37.85,150000,0
Zhumadian,CN,32.98385,114.02586,721670,0
Zhuzhou,CN,27.83333,113.15,1129687,0
Zhytomyr,UA,50.26235,28.67913,261624,0
Zibo,CN,36.79056,118.06333,3129228,0
Zielona Gora,PL,51.93548,15.50643,118433,0
Zigong,CN,29.34162,104.77689,1262064,0
Ziguinchor,SN,12.56801,-16.27326,214874,0
Zinder,NE,13.80716,8.9881,318874,0
Zipaquira,CO,5.02208,-74.00481,130432,0
Zitong,CN,30.1782,105.82991,212819,0
Ziyang,CN,30.12108,104.64811,905729,0
Zlatoust,RU,55.17182,59.65471,191366,0
Zliten,LY,32.46739,14.56874,203790,0
Zoetermeer,NL,52.0575,4.49306,115845,0
Zomba,MW,-15.38596,35.3188,118440,0
Zonguldak,TR,41.45139,31.79305,101749,0
Zoucheng,CN,35.40056,116.96556,277400,0
Zuerich,CH,47.36667,8.55,415367,0
Zuglo,HU,47.51758,19.10549,130000,0
Zumpango,MX,19.7967,-99.09946,280455,0
Zunyi,CN,27.68667,106.90722,2037775,0
Zwolle,NL,52.5125,6.09444,129840,0
Zyablikovo,RU,55.61667,37.76667,129000,0
Zyuzino,RU,55.65608,37.56846,121000,0
eMbalenhle,ZA,-26.53333,29.06667,142443,0
